,0
0,https://law.judicial.gov.tw/FJUD/qryresultlst.aspx?q=75edac122beba46fe17189acc85c31ee&gy=jcourt&gc=TPD&sort=DS&&Page=1
1,https://law.judicial.gov.tw/FJUD/qryresultlst.aspx?q=75edac122beba46fe17189acc85c31ee&gy=jcourt&gc=TPD&sort=DS&&Page=2
2,https://law.judicial.gov.tw/FJUD/qryresultlst.aspx?q=75edac122beba46fe17189acc85c31ee&gy=jcourt&gc=TPD&sort=DS&&Page=3
3,https://law.judicial.gov.tw/FJUD/qryresultlst.aspx?q=75edac122beba46fe17189acc85c31ee&gy=jcourt&gc=TPD&sort=DS&&Page=4
4,https://law.judicial.gov.tw/FJUD/qryresultlst.aspx?q=75edac122beba46fe17189acc85c31ee&gy=jcourt&gc=TPD&sort=DS&&Page=5
5,https://law.judicial.gov.tw/FJUD/qryresultlst.aspx?q=75edac122beba46fe17189acc85c31ee&gy=jcourt&gc=TPD&sort=DS&&Page=6
6,https://law.judicial.gov.tw/FJUD/qryresultlst.aspx?q=75edac122beba46fe17189acc85c31ee&gy=jcourt&gc=TPD&sort=DS&&Page=7
7,https://law.judicial.gov.tw/FJUD/qryresultlst.aspx?q=75edac122beba46fe17189acc85c31ee&gy=jcourt&gc=TPD&sort=DS&&Page=8
8,https://law.judicial.gov.tw/FJUD/qryresultlst.aspx?q=75edac122beba46fe17189acc85c31ee&gy=jcourt&gc=TPD&sort=DS&&Page=9
9,https://law.judicial.gov.tw/FJUD/qryresultlst.aspx?q=75edac122beba46fe17189acc85c31ee&gy=jcourt&gc=TPD&sort=DS&&Page=10
10,https://law.judicial.gov.tw/FJUD/qryresultlst.aspx?q=75edac122beba46fe17189acc85c31ee&gy=jcourt&gc=TPD&sort=DS&&Page=11
11,https://law.judicial.gov.tw/FJUD/qryresultlst.aspx?q=75edac122beba46fe17189acc85c31ee&gy=jcourt&gc=TPD&sort=DS&&Page=12
12,https://law.judicial.gov.tw/FJUD/qryresultlst.aspx?q=75edac122beba46fe17189acc85c31ee&gy=jcourt&gc=TPD&sort=DS&&Page=13
13,https://law.judicial.gov.tw/FJUD/qryresultlst.aspx?q=75edac122beba46fe17189acc85c31ee&gy=jcourt&gc=TPD&sort=DS&&Page=14
14,https://law.judicial.gov.tw/FJUD/qryresultlst.aspx?q=75edac122beba46fe17189acc85c31ee&gy=jcourt&gc=TPD&sort=DS&&Page=15
15,https://law.judicial.gov.tw/FJUD/qryresultlst.aspx?q=75edac122beba46fe17189acc85c31ee&gy=jcourt&gc=TPD&sort=DS&&Page=16
16,https://law.judicial.gov.tw/FJUD/qryresultlst.aspx?q=75edac122beba46fe17189acc85c31ee&gy=jcourt&gc=TPD&sort=DS&&Page=17
17,https://law.judicial.gov.tw/FJUD/qryresultlst.aspx?q=75edac122beba46fe17189acc85c31ee&gy=jcourt&gc=TPD&sort=DS&&Page=18
18,https://law.judicial.gov.tw/FJUD/qryresultlst.aspx?q=75edac122beba46fe17189acc85c31ee&gy=jcourt&gc=TPD&sort=DS&&Page=19
19,https://law.judicial.gov.tw/FJUD/qryresultlst.aspx?q=75edac122beba46fe17189acc85c31ee&gy=jcourt&gc=TPD&sort=DS&&Page=20
20,https://law.judicial.gov.tw/FJUD/qryresultlst.aspx?q=75edac122beba46fe17189acc85c31ee&gy=jcourt&gc=TPD&sort=DS&&Page=21
21,https://law.judicial.gov.tw/FJUD/qryresultlst.aspx?q=75edac122beba46fe17189acc85c31ee&gy=jcourt&gc=TPD&sort=DS&&Page=22
22,https://law.judicial.gov.tw/FJUD/qryresultlst.aspx?q=75edac122beba46fe17189acc85c31ee&gy=jcourt&gc=TPD&sort=DS&&Page=23
23,https://law.judicial.gov.tw/FJUD/qryresultlst.aspx?q=75edac122beba46fe17189acc85c31ee&gy=jcourt&gc=TPD&sort=DS&&Page=24
24,https://law.judicial.gov.tw/FJUD/qryresultlst.aspx?q=75edac122beba46fe17189acc85c31ee&gy=jcourt&gc=TPD&sort=DS&&Page=25
25,https://law.judicial.gov.tw/FJUD/qryresultlst.aspx?q=75edac122beba46fe17189acc85c31ee&gy=jcourt&gc=SLD&sort=DS&&Page=1
26,https://law.judicial.gov.tw/FJUD/qryresultlst.aspx?q=75edac122beba46fe17189acc85c31ee&gy=jcourt&gc=SLD&sort=DS&&Page=2
27,https://law.judicial.gov.tw/FJUD/qryresultlst.aspx?q=75edac122beba46fe17189acc85c31ee&gy=jcourt&gc=SLD&sort=DS&&Page=3
28,https://law.judicial.gov.tw/FJUD/qryresultlst.aspx?q=75edac122beba46fe17189acc85c31ee&gy=jcourt&gc=SLD&sort=DS&&Page=4
29,https://law.judicial.gov.tw/FJUD/qryresultlst.aspx?q=75edac122beba46fe17189acc85c31ee&gy=jcourt&gc=SLD&sort=DS&&Page=5
30,https://law.judicial.gov.tw/FJUD/qryresultlst.aspx?q=75edac122beba46fe17189acc85c31ee&gy=jcourt&gc=SLD&sort=DS&&Page=6
31,https://law.judicial.gov.tw/FJUD/qryresultlst.aspx?q=75edac122beba46fe17189acc85c31ee&gy=jcourt&gc=SLD&sort=DS&&Page=7
32,https://law.judicial.gov.tw/FJUD/qryresultlst.aspx?q=75edac122beba46fe17189acc85c31ee&gy=jcourt&gc=SLD&sort=DS&&Page=8
33,https://law.judicial.gov.tw/FJUD/qryresultlst.aspx?q=75edac122beba46fe17189acc85c31ee&gy=jcourt&gc=SLD&sort=DS&&Page=9
34,https://law.judicial.gov.tw/FJUD/qryresultlst.aspx?q=75edac122beba46fe17189acc85c31ee&gy=jcourt&gc=SLD&sort=DS&&Page=10
35,https://law.judicial.gov.tw/FJUD/qryresultlst.aspx?q=75edac122beba46fe17189acc85c31ee&gy=jcourt&gc=SLD&sort=DS&&Page=11
36,https://law.judicial.gov.tw/FJUD/qryresultlst.aspx?q=75edac122beba46fe17189acc85c31ee&gy=jcourt&gc=SLD&sort=DS&&Page=12
37,https://law.judicial.gov.tw/FJUD/qryresultlst.aspx?q=75edac122beba46fe17189acc85c31ee&gy=jcourt&gc=SLD&sort=DS&&Page=13
38,https://law.judicial.gov.tw/FJUD/qryresultlst.aspx?q=75edac122beba46fe17189acc85c31ee&gy=jcourt&gc=SLD&sort=DS&&Page=14
39,https://law.judicial.gov.tw/FJUD/qryresultlst.aspx?q=75edac122beba46fe17189acc85c31ee&gy=jcourt&gc=SLD&sort=DS&&Page=15
40,https://law.judicial.gov.tw/FJUD/qryresultlst.aspx?q=75edac122beba46fe17189acc85c31ee&gy=jcourt&gc=SLD&sort=DS&&Page=16
41,https://law.judicial.gov.tw/FJUD/qryresultlst.aspx?q=75edac122beba46fe17189acc85c31ee&gy=jcourt&gc=SLD&sort=DS&&Page=17
42,https://law.judicial.gov.tw/FJUD/qryresultlst.aspx?q=75edac122beba46fe17189acc85c31ee&gy=jcourt&gc=PCD&sort=DS&&Page=1
43,https://law.judicial.gov.tw/FJUD/qryresultlst.aspx?q=75edac122beba46fe17189acc85c31ee&gy=jcourt&gc=PCD&sort=DS&&Page=2
44,https://law.judicial.gov.tw/FJUD/qryresultlst.aspx?q=75edac122beba46fe17189acc85c31ee&gy=jcourt&gc=PCD&sort=DS&&Page=3
45,https://law.judicial.gov.tw/FJUD/qryresultlst.aspx?q=75edac122beba46fe17189acc85c31ee&gy=jcourt&gc=PCD&sort=DS&&Page=4
46,https://law.judicial.gov.tw/FJUD/qryresultlst.aspx?q=75edac122beba46fe17189acc85c31ee&gy=jcourt&gc=PCD&sort=DS&&Page=5
47,https://law.judicial.gov.tw/FJUD/qryresultlst.aspx?q=75edac122beba46fe17189acc85c31ee&gy=jcourt&gc=PCD&sort=DS&&Page=6
48,https://law.judicial.gov.tw/FJUD/qryresultlst.aspx?q=75edac122beba46fe17189acc85c31ee&gy=jcourt&gc=PCD&sort=DS&&Page=7
49,https://law.judicial.gov.tw/FJUD/qryresultlst.aspx?q=75edac122beba46fe17189acc85c31ee&gy=jcourt&gc=PCD&sort=DS&&Page=8
50,https://law.judicial.gov.tw/FJUD/qryresultlst.aspx?q=75edac122beba46fe17189acc85c31ee&gy=jcourt&gc=PCD&sort=DS&&Page=9
51,https://law.judicial.gov.tw/FJUD/qryresultlst.aspx?q=75edac122beba46fe17189acc85c31ee&gy=jcourt&gc=PCD&sort=DS&&Page=10
52,https://law.judicial.gov.tw/FJUD/qryresultlst.aspx?q=75edac122beba46fe17189acc85c31ee&gy=jcourt&gc=PCD&sort=DS&&Page=11
53,https://law.judicial.gov.tw/FJUD/qryresultlst.aspx?q=75edac122beba46fe17189acc85c31ee&gy=jcourt&gc=PCD&sort=DS&&Page=12
54,https://law.judicial.gov.tw/FJUD/qryresultlst.aspx?q=75edac122beba46fe17189acc85c31ee&gy=jcourt&gc=PCD&sort=DS&&Page=13
55,https://law.judicial.gov.tw/FJUD/qryresultlst.aspx?q=75edac122beba46fe17189acc85c31ee&gy=jcourt&gc=PCD&sort=DS&&Page=14
56,https://law.judicial.gov.tw/FJUD/qryresultlst.aspx?q=75edac122beba46fe17189acc85c31ee&gy=jcourt&gc=PCD&sort=DS&&Page=15
57,https://law.judicial.gov.tw/FJUD/qryresultlst.aspx?q=75edac122beba46fe17189acc85c31ee&gy=jcourt&gc=PCD&sort=DS&&Page=16
58,https://law.judicial.gov.tw/FJUD/qryresultlst.aspx?q=75edac122beba46fe17189acc85c31ee&gy=jcourt&gc=PCD&sort=DS&&Page=17
59,https://law.judicial.gov.tw/FJUD/qryresultlst.aspx?q=75edac122beba46fe17189acc85c31ee&gy=jcourt&gc=PCD&sort=DS&&Page=18
60,https://law.judicial.gov.tw/FJUD/qryresultlst.aspx?q=75edac122beba46fe17189acc85c31ee&gy=jcourt&gc=PCD&sort=DS&&Page=19
61,https://law.judicial.gov.tw/FJUD/qryresultlst.aspx?q=75edac122beba46fe17189acc85c31ee&gy=jcourt&gc=PCD&sort=DS&&Page=20
62,https://law.judicial.gov.tw/FJUD/qryresultlst.aspx?q=75edac122beba46fe17189acc85c31ee&gy=jcourt&gc=PCD&sort=DS&&Page=21
63,https://law.judicial.gov.tw/FJUD/qryresultlst.aspx?q=75edac122beba46fe17189acc85c31ee&gy=jcourt&gc=PCD&sort=DS&&Page=22
64,https://law.judicial.gov.tw/FJUD/qryresultlst.aspx?q=75edac122beba46fe17189acc85c31ee&gy=jcourt&gc=PCD&sort=DS&&Page=23
65,https://law.judicial.gov.tw/FJUD/qryresultlst.aspx?q=75edac122beba46fe17189acc85c31ee&gy=jcourt&gc=PCD&sort=DS&&Page=24
66,https://law.judicial.gov.tw/FJUD/qryresultlst.aspx?q=75edac122beba46fe17189acc85c31ee&gy=jcourt&gc=PCD&sort=DS&&Page=25
67,https://law.judicial.gov.tw/FJUD/qryresultlst.aspx?q=75edac122beba46fe17189acc85c31ee&gy=jcourt&gc=ILD&sort=DS&&Page=1
68,https://law.judicial.gov.tw/FJUD/qryresultlst.aspx?q=75edac122beba46fe17189acc85c31ee&gy=jcourt&gc=ILD&sort=DS&&Page=2
69,https://law.judicial.gov.tw/FJUD/qryresultlst.aspx?q=75edac122beba46fe17189acc85c31ee&gy=jcourt&gc=ILD&sort=DS&&Page=3
70,https://law.judicial.gov.tw/FJUD/qryresultlst.aspx?q=75edac122beba46fe17189acc85c31ee&gy=jcourt&gc=ILD&sort=DS&&Page=4
71,https://law.judicial.gov.tw/FJUD/qryresultlst.aspx?q=75edac122beba46fe17189acc85c31ee&gy=jcourt&gc=ILD&sort=DS&&Page=5
72,https://law.judicial.gov.tw/FJUD/qryresultlst.aspx?q=75edac122beba46fe17189acc85c31ee&gy=jcourt&gc=ILD&sort=DS&&Page=6
73,https://law.judicial.gov.tw/FJUD/qryresultlst.aspx?q=75edac122beba46fe17189acc85c31ee&gy=jcourt&gc=ILD&sort=DS&&Page=7
74,https://law.judicial.gov.tw/FJUD/qryresultlst.aspx?q=75edac122beba46fe17189acc85c31ee&gy=jcourt&gc=ILD&sort=DS&&Page=8
75,https://law.judicial.gov.tw/FJUD/qryresultlst.aspx?q=75edac122beba46fe17189acc85c31ee&gy=jcourt&gc=KLD&sort=DS&&Page=1
76,https://law.judicial.gov.tw/FJUD/qryresultlst.aspx?q=75edac122beba46fe17189acc85c31ee&gy=jcourt&gc=KLD&sort=DS&&Page=2
77,https://law.judicial.gov.tw/FJUD/qryresultlst.aspx?q=75edac122beba46fe17189acc85c31ee&gy=jcourt&gc=KLD&sort=DS&&Page=3
78,https://law.judicial.gov.tw/FJUD/qryresultlst.aspx?q=75edac122beba46fe17189acc85c31ee&gy=jcourt&gc=KLD&sort=DS&&Page=4
79,https://law.judicial.gov.tw/FJUD/qryresultlst.aspx?q=75edac122beba46fe17189acc85c31ee&gy=jcourt&gc=KLD&sort=DS&&Page=5
80,https://law.judicial.gov.tw/FJUD/qryresultlst.aspx?q=75edac122beba46fe17189acc85c31ee&gy=jcourt&gc=KLD&sort=DS&&Page=6
81,https://law.judicial.gov.tw/FJUD/qryresultlst.aspx?q=75edac122beba46fe17189acc85c31ee&gy=jcourt&gc=KLD&sort=DS&&Page=7
82,https://law.judicial.gov.tw/FJUD/qryresultlst.aspx?q=75edac122beba46fe17189acc85c31ee&gy=jcourt&gc=KLD&sort=DS&&Page=8
83,https://law.judicial.gov.tw/FJUD/qryresultlst.aspx?q=75edac122beba46fe17189acc85c31ee&gy=jcourt&gc=KLD&sort=DS&&Page=9
84,https://law.judicial.gov.tw/FJUD/qryresultlst.aspx?q=75edac122beba46fe17189acc85c31ee&gy=jcourt&gc=KLD&sort=DS&&Page=10
85,https://law.judicial.gov.tw/FJUD/qryresultlst.aspx?q=75edac122beba46fe17189acc85c31ee&gy=jcourt&gc=KLD&sort=DS&&Page=11
86,https://law.judicial.gov.tw/FJUD/qryresultlst.aspx?q=75edac122beba46fe17189acc85c31ee&gy=jcourt&gc=TYD&sort=DS&&Page=1
87,https://law.judicial.gov.tw/FJUD/qryresultlst.aspx?q=75edac122beba46fe17189acc85c31ee&gy=jcourt&gc=TYD&sort=DS&&Page=2
88,https://law.judicial.gov.tw/FJUD/qryresultlst.aspx?q=75edac122beba46fe17189acc85c31ee&gy=jcourt&gc=TYD&sort=DS&&Page=3
89,https://law.judicial.gov.tw/FJUD/qryresultlst.aspx?q=75edac122beba46fe17189acc85c31ee&gy=jcourt&gc=TYD&sort=DS&&Page=4
90,https://law.judicial.gov.tw/FJUD/qryresultlst.aspx?q=75edac122beba46fe17189acc85c31ee&gy=jcourt&gc=TYD&sort=DS&&Page=5
91,https://law.judicial.gov.tw/FJUD/qryresultlst.aspx?q=75edac122beba46fe17189acc85c31ee&gy=jcourt&gc=TYD&sort=DS&&Page=6
92,https://law.judicial.gov.tw/FJUD/qryresultlst.aspx?q=75edac122beba46fe17189acc85c31ee&gy=jcourt&gc=TYD&sort=DS&&Page=7
93,https://law.judicial.gov.tw/FJUD/qryresultlst.aspx?q=75edac122beba46fe17189acc85c31ee&gy=jcourt&gc=TYD&sort=DS&&Page=8
94,https://law.judicial.gov.tw/FJUD/qryresultlst.aspx?q=75edac122beba46fe17189acc85c31ee&gy=jcourt&gc=TYD&sort=DS&&Page=9
95,https://law.judicial.gov.tw/FJUD/qryresultlst.aspx?q=75edac122beba46fe17189acc85c31ee&gy=jcourt&gc=TYD&sort=DS&&Page=10
96,https://law.judicial.gov.tw/FJUD/qryresultlst.aspx?q=75edac122beba46fe17189acc85c31ee&gy=jcourt&gc=TYD&sort=DS&&Page=11
97,https://law.judicial.gov.tw/FJUD/qryresultlst.aspx?q=75edac122beba46fe17189acc85c31ee&gy=jcourt&gc=TYD&sort=DS&&Page=12
98,https://law.judicial.gov.tw/FJUD/qryresultlst.aspx?q=75edac122beba46fe17189acc85c31ee&gy=jcourt&gc=TYD&sort=DS&&Page=13
99,https://law.judicial.gov.tw/FJUD/qryresultlst.aspx?q=75edac122beba46fe17189acc85c31ee&gy=jcourt&gc=TYD&sort=DS&&Page=14
100,https://law.judicial.gov.tw/FJUD/qryresultlst.aspx?q=75edac122beba46fe17189acc85c31ee&gy=jcourt&gc=TYD&sort=DS&&Page=15
101,https://law.judicial.gov.tw/FJUD/qryresultlst.aspx?q=75edac122beba46fe17189acc85c31ee&gy=jcourt&gc=TYD&sort=DS&&Page=16
102,https://law.judicial.gov.tw/FJUD/qryresultlst.aspx?q=75edac122beba46fe17189acc85c31ee&gy=jcourt&gc=TYD&sort=DS&&Page=17
103,https://law.judicial.gov.tw/FJUD/qryresultlst.aspx?q=75edac122beba46fe17189acc85c31ee&gy=jcourt&gc=TYD&sort=DS&&Page=18
104,https://law.judicial.gov.tw/FJUD/qryresultlst.aspx?q=75edac122beba46fe17189acc85c31ee&gy=jcourt&gc=TYD&sort=DS&&Page=19
105,https://law.judicial.gov.tw/FJUD/qryresultlst.aspx?q=75edac122beba46fe17189acc85c31ee&gy=jcourt&gc=TYD&sort=DS&&Page=20
106,https://law.judicial.gov.tw/FJUD/qryresultlst.aspx?q=75edac122beba46fe17189acc85c31ee&gy=jcourt&gc=TYD&sort=DS&&Page=21
107,https://law.judicial.gov.tw/FJUD/qryresultlst.aspx?q=75edac122beba46fe17189acc85c31ee&gy=jcourt&gc=TYD&sort=DS&&Page=22
108,https://law.judicial.gov.tw/FJUD/qryresultlst.aspx?q=75edac122beba46fe17189acc85c31ee&gy=jcourt&gc=TYD&sort=DS&&Page=23
109,https://law.judicial.gov.tw/FJUD/qryresultlst.aspx?q=75edac122beba46fe17189acc85c31ee&gy=jcourt&gc=TYD&sort=DS&&Page=24
110,https://law.judicial.gov.tw/FJUD/qryresultlst.aspx?q=75edac122beba46fe17189acc85c31ee&gy=jcourt&gc=TYD&sort=DS&&Page=25
111,https://law.judicial.gov.tw/FJUD/qryresultlst.aspx?q=75edac122beba46fe17189acc85c31ee&gy=jcourt&gc=SCD&sort=DS&&Page=1
112,https://law.judicial.gov.tw/FJUD/qryresultlst.aspx?q=75edac122beba46fe17189acc85c31ee&gy=jcourt&gc=SCD&sort=DS&&Page=2
113,https://law.judicial.gov.tw/FJUD/qryresultlst.aspx?q=75edac122beba46fe17189acc85c31ee&gy=jcourt&gc=SCD&sort=DS&&Page=3
114,https://law.judicial.gov.tw/FJUD/qryresultlst.aspx?q=75edac122beba46fe17189acc85c31ee&gy=jcourt&gc=SCD&sort=DS&&Page=4
115,https://law.judicial.gov.tw/FJUD/qryresultlst.aspx?q=75edac122beba46fe17189acc85c31ee&gy=jcourt&gc=SCD&sort=DS&&Page=5
116,https://law.judicial.gov.tw/FJUD/qryresultlst.aspx?q=75edac122beba46fe17189acc85c31ee&gy=jcourt&gc=SCD&sort=DS&&Page=6
117,https://law.judicial.gov.tw/FJUD/qryresultlst.aspx?q=75edac122beba46fe17189acc85c31ee&gy=jcourt&gc=SCD&sort=DS&&Page=7
118,https://law.judicial.gov.tw/FJUD/qryresultlst.aspx?q=75edac122beba46fe17189acc85c31ee&gy=jcourt&gc=SCD&sort=DS&&Page=8
119,https://law.judicial.gov.tw/FJUD/qryresultlst.aspx?q=75edac122beba46fe17189acc85c31ee&gy=jcourt&gc=SCD&sort=DS&&Page=9
120,https://law.judicial.gov.tw/FJUD/qryresultlst.aspx?q=75edac122beba46fe17189acc85c31ee&gy=jcourt&gc=SCD&sort=DS&&Page=10
121,https://law.judicial.gov.tw/FJUD/qryresultlst.aspx?q=75edac122beba46fe17189acc85c31ee&gy=jcourt&gc=MLD&sort=DS&&Page=1
122,https://law.judicial.gov.tw/FJUD/qryresultlst.aspx?q=75edac122beba46fe17189acc85c31ee&gy=jcourt&gc=MLD&sort=DS&&Page=2
123,https://law.judicial.gov.tw/FJUD/qryresultlst.aspx?q=75edac122beba46fe17189acc85c31ee&gy=jcourt&gc=MLD&sort=DS&&Page=3
124,https://law.judicial.gov.tw/FJUD/qryresultlst.aspx?q=75edac122beba46fe17189acc85c31ee&gy=jcourt&gc=MLD&sort=DS&&Page=4
125,https://law.judicial.gov.tw/FJUD/qryresultlst.aspx?q=75edac122beba46fe17189acc85c31ee&gy=jcourt&gc=MLD&sort=DS&&Page=5
126,https://law.judicial.gov.tw/FJUD/qryresultlst.aspx?q=75edac122beba46fe17189acc85c31ee&gy=jcourt&gc=MLD&sort=DS&&Page=6
127,https://law.judicial.gov.tw/FJUD/qryresultlst.aspx?q=75edac122beba46fe17189acc85c31ee&gy=jcourt&gc=MLD&sort=DS&&Page=7
128,https://law.judicial.gov.tw/FJUD/qryresultlst.aspx?q=75edac122beba46fe17189acc85c31ee&gy=jcourt&gc=MLD&sort=DS&&Page=8
129,https://law.judicial.gov.tw/FJUD/qryresultlst.aspx?q=75edac122beba46fe17189acc85c31ee&gy=jcourt&gc=MLD&sort=DS&&Page=9
130,https://law.judicial.gov.tw/FJUD/qryresultlst.aspx?q=75edac122beba46fe17189acc85c31ee&gy=jcourt&gc=MLD&sort=DS&&Page=10
131,https://law.judicial.gov.tw/FJUD/qryresultlst.aspx?q=75edac122beba46fe17189acc85c31ee&gy=jcourt&gc=TCD&sort=DS&&Page=1
132,https://law.judicial.gov.tw/FJUD/qryresultlst.aspx?q=75edac122beba46fe17189acc85c31ee&gy=jcourt&gc=TCD&sort=DS&&Page=2
133,https://law.judicial.gov.tw/FJUD/qryresultlst.aspx?q=75edac122beba46fe17189acc85c31ee&gy=jcourt&gc=TCD&sort=DS&&Page=3
134,https://law.judicial.gov.tw/FJUD/qryresultlst.aspx?q=75edac122beba46fe17189acc85c31ee&gy=jcourt&gc=TCD&sort=DS&&Page=4
135,https://law.judicial.gov.tw/FJUD/qryresultlst.aspx?q=75edac122beba46fe17189acc85c31ee&gy=jcourt&gc=TCD&sort=DS&&Page=5
136,https://law.judicial.gov.tw/FJUD/qryresultlst.aspx?q=75edac122beba46fe17189acc85c31ee&gy=jcourt&gc=TCD&sort=DS&&Page=6
137,https://law.judicial.gov.tw/FJUD/qryresultlst.aspx?q=75edac122beba46fe17189acc85c31ee&gy=jcourt&gc=TCD&sort=DS&&Page=7
138,https://law.judicial.gov.tw/FJUD/qryresultlst.aspx?q=75edac122beba46fe17189acc85c31ee&gy=jcourt&gc=TCD&sort=DS&&Page=8
139,https://law.judicial.gov.tw/FJUD/qryresultlst.aspx?q=75edac122beba46fe17189acc85c31ee&gy=jcourt&gc=TCD&sort=DS&&Page=9
140,https://law.judicial.gov.tw/FJUD/qryresultlst.aspx?q=75edac122beba46fe17189acc85c31ee&gy=jcourt&gc=TCD&sort=DS&&Page=10
141,https://law.judicial.gov.tw/FJUD/qryresultlst.aspx?q=75edac122beba46fe17189acc85c31ee&gy=jcourt&gc=TCD&sort=DS&&Page=11
142,https://law.judicial.gov.tw/FJUD/qryresultlst.aspx?q=75edac122beba46fe17189acc85c31ee&gy=jcourt&gc=TCD&sort=DS&&Page=12
143,https://law.judicial.gov.tw/FJUD/qryresultlst.aspx?q=75edac122beba46fe17189acc85c31ee&gy=jcourt&gc=TCD&sort=DS&&Page=13
144,https://law.judicial.gov.tw/FJUD/qryresultlst.aspx?q=75edac122beba46fe17189acc85c31ee&gy=jcourt&gc=TCD&sort=DS&&Page=14
145,https://law.judicial.gov.tw/FJUD/qryresultlst.aspx?q=75edac122beba46fe17189acc85c31ee&gy=jcourt&gc=TCD&sort=DS&&Page=15
146,https://law.judicial.gov.tw/FJUD/qryresultlst.aspx?q=75edac122beba46fe17189acc85c31ee&gy=jcourt&gc=TCD&sort=DS&&Page=16
147,https://law.judicial.gov.tw/FJUD/qryresultlst.aspx?q=75edac122beba46fe17189acc85c31ee&gy=jcourt&gc=TCD&sort=DS&&Page=17
148,https://law.judicial.gov.tw/FJUD/qryresultlst.aspx?q=75edac122beba46fe17189acc85c31ee&gy=jcourt&gc=TCD&sort=DS&&Page=18
149,https://law.judicial.gov.tw/FJUD/qryresultlst.aspx?q=75edac122beba46fe17189acc85c31ee&gy=jcourt&gc=TCD&sort=DS&&Page=19
150,https://law.judicial.gov.tw/FJUD/qryresultlst.aspx?q=75edac122beba46fe17189acc85c31ee&gy=jcourt&gc=TCD&sort=DS&&Page=20
151,https://law.judicial.gov.tw/FJUD/qryresultlst.aspx?q=75edac122beba46fe17189acc85c31ee&gy=jcourt&gc=TCD&sort=DS&&Page=21
152,https://law.judicial.gov.tw/FJUD/qryresultlst.aspx?q=75edac122beba46fe17189acc85c31ee&gy=jcourt&gc=TCD&sort=DS&&Page=22
153,https://law.judicial.gov.tw/FJUD/qryresultlst.aspx?q=75edac122beba46fe17189acc85c31ee&gy=jcourt&gc=TCD&sort=DS&&Page=23
154,https://law.judicial.gov.tw/FJUD/qryresultlst.aspx?q=75edac122beba46fe17189acc85c31ee&gy=jcourt&gc=TCD&sort=DS&&Page=24
155,https://law.judicial.gov.tw/FJUD/qryresultlst.aspx?q=75edac122beba46fe17189acc85c31ee&gy=jcourt&gc=TCD&sort=DS&&Page=25
156,https://law.judicial.gov.tw/FJUD/qryresultlst.aspx?q=75edac122beba46fe17189acc85c31ee&gy=jcourt&gc=CHD&sort=DS&&Page=1
157,https://law.judicial.gov.tw/FJUD/qryresultlst.aspx?q=75edac122beba46fe17189acc85c31ee&gy=jcourt&gc=CHD&sort=DS&&Page=2
158,https://law.judicial.gov.tw/FJUD/qryresultlst.aspx?q=75edac122beba46fe17189acc85c31ee&gy=jcourt&gc=CHD&sort=DS&&Page=3
159,https://law.judicial.gov.tw/FJUD/qryresultlst.aspx?q=75edac122beba46fe17189acc85c31ee&gy=jcourt&gc=CHD&sort=DS&&Page=4
160,https://law.judicial.gov.tw/FJUD/qryresultlst.aspx?q=75edac122beba46fe17189acc85c31ee&gy=jcourt&gc=CHD&sort=DS&&Page=5
161,https://law.judicial.gov.tw/FJUD/qryresultlst.aspx?q=75edac122beba46fe17189acc85c31ee&gy=jcourt&gc=CHD&sort=DS&&Page=6
162,https://law.judicial.gov.tw/FJUD/qryresultlst.aspx?q=75edac122beba46fe17189acc85c31ee&gy=jcourt&gc=CHD&sort=DS&&Page=7
163,https://law.judicial.gov.tw/FJUD/qryresultlst.aspx?q=75edac122beba46fe17189acc85c31ee&gy=jcourt&gc=CHD&sort=DS&&Page=8
164,https://law.judicial.gov.tw/FJUD/qryresultlst.aspx?q=75edac122beba46fe17189acc85c31ee&gy=jcourt&gc=CHD&sort=DS&&Page=9
165,https://law.judicial.gov.tw/FJUD/qryresultlst.aspx?q=75edac122beba46fe17189acc85c31ee&gy=jcourt&gc=CHD&sort=DS&&Page=10
166,https://law.judicial.gov.tw/FJUD/qryresultlst.aspx?q=75edac122beba46fe17189acc85c31ee&gy=jcourt&gc=CHD&sort=DS&&Page=11
167,https://law.judicial.gov.tw/FJUD/qryresultlst.aspx?q=75edac122beba46fe17189acc85c31ee&gy=jcourt&gc=CHD&sort=DS&&Page=12
168,https://law.judicial.gov.tw/FJUD/qryresultlst.aspx?q=75edac122beba46fe17189acc85c31ee&gy=jcourt&gc=CHD&sort=DS&&Page=13
169,https://law.judicial.gov.tw/FJUD/qryresultlst.aspx?q=75edac122beba46fe17189acc85c31ee&gy=jcourt&gc=CHD&sort=DS&&Page=14
170,https://law.judicial.gov.tw/FJUD/qryresultlst.aspx?q=75edac122beba46fe17189acc85c31ee&gy=jcourt&gc=CHD&sort=DS&&Page=15
171,https://law.judicial.gov.tw/FJUD/qryresultlst.aspx?q=75edac122beba46fe17189acc85c31ee&gy=jcourt&gc=NTD&sort=DS&&Page=1
172,https://law.judicial.gov.tw/FJUD/qryresultlst.aspx?q=75edac122beba46fe17189acc85c31ee&gy=jcourt&gc=NTD&sort=DS&&Page=2
173,https://law.judicial.gov.tw/FJUD/qryresultlst.aspx?q=75edac122beba46fe17189acc85c31ee&gy=jcourt&gc=NTD&sort=DS&&Page=3
174,https://law.judicial.gov.tw/FJUD/qryresultlst.aspx?q=75edac122beba46fe17189acc85c31ee&gy=jcourt&gc=NTD&sort=DS&&Page=4
175,https://law.judicial.gov.tw/FJUD/qryresultlst.aspx?q=75edac122beba46fe17189acc85c31ee&gy=jcourt&gc=NTD&sort=DS&&Page=5
176,https://law.judicial.gov.tw/FJUD/qryresultlst.aspx?q=75edac122beba46fe17189acc85c31ee&gy=jcourt&gc=NTD&sort=DS&&Page=6
177,https://law.judicial.gov.tw/FJUD/qryresultlst.aspx?q=75edac122beba46fe17189acc85c31ee&gy=jcourt&gc=NTD&sort=DS&&Page=7
178,https://law.judicial.gov.tw/FJUD/qryresultlst.aspx?q=75edac122beba46fe17189acc85c31ee&gy=jcourt&gc=NTD&sort=DS&&Page=8
179,https://law.judicial.gov.tw/FJUD/qryresultlst.aspx?q=75edac122beba46fe17189acc85c31ee&gy=jcourt&gc=NTD&sort=DS&&Page=9
180,https://law.judicial.gov.tw/FJUD/qryresultlst.aspx?q=75edac122beba46fe17189acc85c31ee&gy=jcourt&gc=NTD&sort=DS&&Page=10
181,https://law.judicial.gov.tw/FJUD/qryresultlst.aspx?q=75edac122beba46fe17189acc85c31ee&gy=jcourt&gc=NTD&sort=DS&&Page=11
182,https://law.judicial.gov.tw/FJUD/qryresultlst.aspx?q=75edac122beba46fe17189acc85c31ee&gy=jcourt&gc=ULD&sort=DS&&Page=1
183,https://law.judicial.gov.tw/FJUD/qryresultlst.aspx?q=75edac122beba46fe17189acc85c31ee&gy=jcourt&gc=ULD&sort=DS&&Page=2
184,https://law.judicial.gov.tw/FJUD/qryresultlst.aspx?q=75edac122beba46fe17189acc85c31ee&gy=jcourt&gc=ULD&sort=DS&&Page=3
185,https://law.judicial.gov.tw/FJUD/qryresultlst.aspx?q=75edac122beba46fe17189acc85c31ee&gy=jcourt&gc=ULD&sort=DS&&Page=4
186,https://law.judicial.gov.tw/FJUD/qryresultlst.aspx?q=75edac122beba46fe17189acc85c31ee&gy=jcourt&gc=ULD&sort=DS&&Page=5
187,https://law.judicial.gov.tw/FJUD/qryresultlst.aspx?q=75edac122beba46fe17189acc85c31ee&gy=jcourt&gc=ULD&sort=DS&&Page=6
188,https://law.judicial.gov.tw/FJUD/qryresultlst.aspx?q=75edac122beba46fe17189acc85c31ee&gy=jcourt&gc=ULD&sort=DS&&Page=7
189,https://law.judicial.gov.tw/FJUD/qryresultlst.aspx?q=75edac122beba46fe17189acc85c31ee&gy=jcourt&gc=CYD&sort=DS&&Page=1
190,https://law.judicial.gov.tw/FJUD/qryresultlst.aspx?q=75edac122beba46fe17189acc85c31ee&gy=jcourt&gc=CYD&sort=DS&&Page=2
191,https://law.judicial.gov.tw/FJUD/qryresultlst.aspx?q=75edac122beba46fe17189acc85c31ee&gy=jcourt&gc=CYD&sort=DS&&Page=3
192,https://law.judicial.gov.tw/FJUD/qryresultlst.aspx?q=75edac122beba46fe17189acc85c31ee&gy=jcourt&gc=CYD&sort=DS&&Page=4
193,https://law.judicial.gov.tw/FJUD/qryresultlst.aspx?q=75edac122beba46fe17189acc85c31ee&gy=jcourt&gc=CYD&sort=DS&&Page=5
194,https://law.judicial.gov.tw/FJUD/qryresultlst.aspx?q=75edac122beba46fe17189acc85c31ee&gy=jcourt&gc=CYD&sort=DS&&Page=6
195,https://law.judicial.gov.tw/FJUD/qryresultlst.aspx?q=75edac122beba46fe17189acc85c31ee&gy=jcourt&gc=CYD&sort=DS&&Page=7
196,https://law.judicial.gov.tw/FJUD/qryresultlst.aspx?q=75edac122beba46fe17189acc85c31ee&gy=jcourt&gc=CYD&sort=DS&&Page=8
197,https://law.judicial.gov.tw/FJUD/qryresultlst.aspx?q=75edac122beba46fe17189acc85c31ee&gy=jcourt&gc=CYD&sort=DS&&Page=9
198,https://law.judicial.gov.tw/FJUD/qryresultlst.aspx?q=75edac122beba46fe17189acc85c31ee&gy=jcourt&gc=CYD&sort=DS&&Page=10
199,https://law.judicial.gov.tw/FJUD/qryresultlst.aspx?q=75edac122beba46fe17189acc85c31ee&gy=jcourt&gc=CYD&sort=DS&&Page=11
200,https://law.judicial.gov.tw/FJUD/qryresultlst.aspx?q=75edac122beba46fe17189acc85c31ee&gy=jcourt&gc=TND&sort=DS&&Page=1
201,https://law.judicial.gov.tw/FJUD/qryresultlst.aspx?q=75edac122beba46fe17189acc85c31ee&gy=jcourt&gc=TND&sort=DS&&Page=2
202,https://law.judicial.gov.tw/FJUD/qryresultlst.aspx?q=75edac122beba46fe17189acc85c31ee&gy=jcourt&gc=TND&sort=DS&&Page=3
203,https://law.judicial.gov.tw/FJUD/qryresultlst.aspx?q=75edac122beba46fe17189acc85c31ee&gy=jcourt&gc=TND&sort=DS&&Page=4
204,https://law.judicial.gov.tw/FJUD/qryresultlst.aspx?q=75edac122beba46fe17189acc85c31ee&gy=jcourt&gc=TND&sort=DS&&Page=5
205,https://law.judicial.gov.tw/FJUD/qryresultlst.aspx?q=75edac122beba46fe17189acc85c31ee&gy=jcourt&gc=TND&sort=DS&&Page=6
206,https://law.judicial.gov.tw/FJUD/qryresultlst.aspx?q=75edac122beba46fe17189acc85c31ee&gy=jcourt&gc=TND&sort=DS&&Page=7
207,https://law.judicial.gov.tw/FJUD/qryresultlst.aspx?q=75edac122beba46fe17189acc85c31ee&gy=jcourt&gc=TND&sort=DS&&Page=8
208,https://law.judicial.gov.tw/FJUD/qryresultlst.aspx?q=75edac122beba46fe17189acc85c31ee&gy=jcourt&gc=TND&sort=DS&&Page=9
209,https://law.judicial.gov.tw/FJUD/qryresultlst.aspx?q=75edac122beba46fe17189acc85c31ee&gy=jcourt&gc=TND&sort=DS&&Page=10
210,https://law.judicial.gov.tw/FJUD/qryresultlst.aspx?q=75edac122beba46fe17189acc85c31ee&gy=jcourt&gc=TND&sort=DS&&Page=11
211,https://law.judicial.gov.tw/FJUD/qryresultlst.aspx?q=75edac122beba46fe17189acc85c31ee&gy=jcourt&gc=TND&sort=DS&&Page=12
212,https://law.judicial.gov.tw/FJUD/qryresultlst.aspx?q=75edac122beba46fe17189acc85c31ee&gy=jcourt&gc=TND&sort=DS&&Page=13
213,https://law.judicial.gov.tw/FJUD/qryresultlst.aspx?q=75edac122beba46fe17189acc85c31ee&gy=jcourt&gc=TND&sort=DS&&Page=14
214,https://law.judicial.gov.tw/FJUD/qryresultlst.aspx?q=75edac122beba46fe17189acc85c31ee&gy=jcourt&gc=TND&sort=DS&&Page=15
215,https://law.judicial.gov.tw/FJUD/qryresultlst.aspx?q=75edac122beba46fe17189acc85c31ee&gy=jcourt&gc=TND&sort=DS&&Page=16
216,https://law.judicial.gov.tw/FJUD/qryresultlst.aspx?q=75edac122beba46fe17189acc85c31ee&gy=jcourt&gc=TND&sort=DS&&Page=17
217,https://law.judicial.gov.tw/FJUD/qryresultlst.aspx?q=75edac122beba46fe17189acc85c31ee&gy=jcourt&gc=TND&sort=DS&&Page=18
218,https://law.judicial.gov.tw/FJUD/qryresultlst.aspx?q=75edac122beba46fe17189acc85c31ee&gy=jcourt&gc=TND&sort=DS&&Page=19
219,https://law.judicial.gov.tw/FJUD/qryresultlst.aspx?q=75edac122beba46fe17189acc85c31ee&gy=jcourt&gc=TND&sort=DS&&Page=20
220,https://law.judicial.gov.tw/FJUD/qryresultlst.aspx?q=75edac122beba46fe17189acc85c31ee&gy=jcourt&gc=TND&sort=DS&&Page=21
221,https://law.judicial.gov.tw/FJUD/qryresultlst.aspx?q=75edac122beba46fe17189acc85c31ee&gy=jcourt&gc=TND&sort=DS&&Page=22
222,https://law.judicial.gov.tw/FJUD/qryresultlst.aspx?q=75edac122beba46fe17189acc85c31ee&gy=jcourt&gc=TND&sort=DS&&Page=23
223,https://law.judicial.gov.tw/FJUD/qryresultlst.aspx?q=75edac122beba46fe17189acc85c31ee&gy=jcourt&gc=TND&sort=DS&&Page=24
224,https://law.judicial.gov.tw/FJUD/qryresultlst.aspx?q=75edac122beba46fe17189acc85c31ee&gy=jcourt&gc=TND&sort=DS&&Page=25
225,https://law.judicial.gov.tw/FJUD/qryresultlst.aspx?q=75edac122beba46fe17189acc85c31ee&gy=jcourt&gc=KSD&sort=DS&&Page=1
226,https://law.judicial.gov.tw/FJUD/qryresultlst.aspx?q=75edac122beba46fe17189acc85c31ee&gy=jcourt&gc=KSD&sort=DS&&Page=2
227,https://law.judicial.gov.tw/FJUD/qryresultlst.aspx?q=75edac122beba46fe17189acc85c31ee&gy=jcourt&gc=KSD&sort=DS&&Page=3
228,https://law.judicial.gov.tw/FJUD/qryresultlst.aspx?q=75edac122beba46fe17189acc85c31ee&gy=jcourt&gc=KSD&sort=DS&&Page=4
229,https://law.judicial.gov.tw/FJUD/qryresultlst.aspx?q=75edac122beba46fe17189acc85c31ee&gy=jcourt&gc=KSD&sort=DS&&Page=5
230,https://law.judicial.gov.tw/FJUD/qryresultlst.aspx?q=75edac122beba46fe17189acc85c31ee&gy=jcourt&gc=KSD&sort=DS&&Page=6
231,https://law.judicial.gov.tw/FJUD/qryresultlst.aspx?q=75edac122beba46fe17189acc85c31ee&gy=jcourt&gc=KSD&sort=DS&&Page=7
232,https://law.judicial.gov.tw/FJUD/qryresultlst.aspx?q=75edac122beba46fe17189acc85c31ee&gy=jcourt&gc=KSD&sort=DS&&Page=8
233,https://law.judicial.gov.tw/FJUD/qryresultlst.aspx?q=75edac122beba46fe17189acc85c31ee&gy=jcourt&gc=KSD&sort=DS&&Page=9
234,https://law.judicial.gov.tw/FJUD/qryresultlst.aspx?q=75edac122beba46fe17189acc85c31ee&gy=jcourt&gc=KSD&sort=DS&&Page=10
235,https://law.judicial.gov.tw/FJUD/qryresultlst.aspx?q=75edac122beba46fe17189acc85c31ee&gy=jcourt&gc=KSD&sort=DS&&Page=11
236,https://law.judicial.gov.tw/FJUD/qryresultlst.aspx?q=75edac122beba46fe17189acc85c31ee&gy=jcourt&gc=KSD&sort=DS&&Page=12
237,https://law.judicial.gov.tw/FJUD/qryresultlst.aspx?q=75edac122beba46fe17189acc85c31ee&gy=jcourt&gc=KSD&sort=DS&&Page=13
238,https://law.judicial.gov.tw/FJUD/qryresultlst.aspx?q=75edac122beba46fe17189acc85c31ee&gy=jcourt&gc=KSD&sort=DS&&Page=14
239,https://law.judicial.gov.tw/FJUD/qryresultlst.aspx?q=75edac122beba46fe17189acc85c31ee&gy=jcourt&gc=KSD&sort=DS&&Page=15
240,https://law.judicial.gov.tw/FJUD/qryresultlst.aspx?q=75edac122beba46fe17189acc85c31ee&gy=jcourt&gc=KSD&sort=DS&&Page=16
241,https://law.judicial.gov.tw/FJUD/qryresultlst.aspx?q=75edac122beba46fe17189acc85c31ee&gy=jcourt&gc=KSD&sort=DS&&Page=17
242,https://law.judicial.gov.tw/FJUD/qryresultlst.aspx?q=75edac122beba46fe17189acc85c31ee&gy=jcourt&gc=KSD&sort=DS&&Page=18
243,https://law.judicial.gov.tw/FJUD/qryresultlst.aspx?q=75edac122beba46fe17189acc85c31ee&gy=jcourt&gc=KSD&sort=DS&&Page=19
244,https://law.judicial.gov.tw/FJUD/qryresultlst.aspx?q=75edac122beba46fe17189acc85c31ee&gy=jcourt&gc=KSD&sort=DS&&Page=20
245,https://law.judicial.gov.tw/FJUD/qryresultlst.aspx?q=75edac122beba46fe17189acc85c31ee&gy=jcourt&gc=KSD&sort=DS&&Page=21
246,https://law.judicial.gov.tw/FJUD/qryresultlst.aspx?q=75edac122beba46fe17189acc85c31ee&gy=jcourt&gc=KSD&sort=DS&&Page=22
247,https://law.judicial.gov.tw/FJUD/qryresultlst.aspx?q=75edac122beba46fe17189acc85c31ee&gy=jcourt&gc=KSD&sort=DS&&Page=23
248,https://law.judicial.gov.tw/FJUD/qryresultlst.aspx?q=75edac122beba46fe17189acc85c31ee&gy=jcourt&gc=KSD&sort=DS&&Page=24
249,https://law.judicial.gov.tw/FJUD/qryresultlst.aspx?q=75edac122beba46fe17189acc85c31ee&gy=jcourt&gc=KSD&sort=DS&&Page=25
250,https://law.judicial.gov.tw/FJUD/qryresultlst.aspx?q=75edac122beba46fe17189acc85c31ee&gy=jcourt&gc=CTD&sort=DS&&Page=1
251,https://law.judicial.gov.tw/FJUD/qryresultlst.aspx?q=75edac122beba46fe17189acc85c31ee&gy=jcourt&gc=CTD&sort=DS&&Page=2
252,https://law.judicial.gov.tw/FJUD/qryresultlst.aspx?q=75edac122beba46fe17189acc85c31ee&gy=jcourt&gc=CTD&sort=DS&&Page=3
253,https://law.judicial.gov.tw/FJUD/qryresultlst.aspx?q=75edac122beba46fe17189acc85c31ee&gy=jcourt&gc=CTD&sort=DS&&Page=4
254,https://law.judicial.gov.tw/FJUD/qryresultlst.aspx?q=75edac122beba46fe17189acc85c31ee&gy=jcourt&gc=CTD&sort=DS&&Page=5
255,https://law.judicial.gov.tw/FJUD/qryresultlst.aspx?q=75edac122beba46fe17189acc85c31ee&gy=jcourt&gc=CTD&sort=DS&&Page=6
256,https://law.judicial.gov.tw/FJUD/qryresultlst.aspx?q=75edac122beba46fe17189acc85c31ee&gy=jcourt&gc=CTD&sort=DS&&Page=7
257,https://law.judicial.gov.tw/FJUD/qryresultlst.aspx?q=75edac122beba46fe17189acc85c31ee&gy=jcourt&gc=CTD&sort=DS&&Page=8
258,https://law.judicial.gov.tw/FJUD/qryresultlst.aspx?q=75edac122beba46fe17189acc85c31ee&gy=jcourt&gc=CTD&sort=DS&&Page=9
259,https://law.judicial.gov.tw/FJUD/qryresultlst.aspx?q=75edac122beba46fe17189acc85c31ee&gy=jcourt&gc=CTD&sort=DS&&Page=10
260,https://law.judicial.gov.tw/FJUD/qryresultlst.aspx?q=75edac122beba46fe17189acc85c31ee&gy=jcourt&gc=CTD&sort=DS&&Page=11
261,https://law.judicial.gov.tw/FJUD/qryresultlst.aspx?q=75edac122beba46fe17189acc85c31ee&gy=jcourt&gc=CTD&sort=DS&&Page=12
262,https://law.judicial.gov.tw/FJUD/qryresultlst.aspx?q=75edac122beba46fe17189acc85c31ee&gy=jcourt&gc=CTD&sort=DS&&Page=13
263,https://law.judicial.gov.tw/FJUD/qryresultlst.aspx?q=75edac122beba46fe17189acc85c31ee&gy=jcourt&gc=CTD&sort=DS&&Page=14
264,https://law.judicial.gov.tw/FJUD/qryresultlst.aspx?q=75edac122beba46fe17189acc85c31ee&gy=jcourt&gc=CTD&sort=DS&&Page=15
265,https://law.judicial.gov.tw/FJUD/qryresultlst.aspx?q=75edac122beba46fe17189acc85c31ee&gy=jcourt&gc=CTD&sort=DS&&Page=16
266,https://law.judicial.gov.tw/FJUD/qryresultlst.aspx?q=75edac122beba46fe17189acc85c31ee&gy=jcourt&gc=CTD&sort=DS&&Page=17
267,https://law.judicial.gov.tw/FJUD/qryresultlst.aspx?q=75edac122beba46fe17189acc85c31ee&gy=jcourt&gc=CTD&sort=DS&&Page=18
268,https://law.judicial.gov.tw/FJUD/qryresultlst.aspx?q=75edac122beba46fe17189acc85c31ee&gy=jcourt&gc=HLD&sort=DS&&Page=1
269,https://law.judicial.gov.tw/FJUD/qryresultlst.aspx?q=75edac122beba46fe17189acc85c31ee&gy=jcourt&gc=HLD&sort=DS&&Page=2
270,https://law.judicial.gov.tw/FJUD/qryresultlst.aspx?q=75edac122beba46fe17189acc85c31ee&gy=jcourt&gc=HLD&sort=DS&&Page=3
271,https://law.judicial.gov.tw/FJUD/qryresultlst.aspx?q=75edac122beba46fe17189acc85c31ee&gy=jcourt&gc=HLD&sort=DS&&Page=4
272,https://law.judicial.gov.tw/FJUD/qryresultlst.aspx?q=75edac122beba46fe17189acc85c31ee&gy=jcourt&gc=HLD&sort=DS&&Page=5
273,https://law.judicial.gov.tw/FJUD/qryresultlst.aspx?q=75edac122beba46fe17189acc85c31ee&gy=jcourt&gc=HLD&sort=DS&&Page=6
274,https://law.judicial.gov.tw/FJUD/qryresultlst.aspx?q=75edac122beba46fe17189acc85c31ee&gy=jcourt&gc=HLD&sort=DS&&Page=7
275,https://law.judicial.gov.tw/FJUD/qryresultlst.aspx?q=75edac122beba46fe17189acc85c31ee&gy=jcourt&gc=HLD&sort=DS&&Page=8
276,https://law.judicial.gov.tw/FJUD/qryresultlst.aspx?q=75edac122beba46fe17189acc85c31ee&gy=jcourt&gc=HLD&sort=DS&&Page=9
277,https://law.judicial.gov.tw/FJUD/qryresultlst.aspx?q=75edac122beba46fe17189acc85c31ee&gy=jcourt&gc=HLD&sort=DS&&Page=10
278,https://law.judicial.gov.tw/FJUD/qryresultlst.aspx?q=75edac122beba46fe17189acc85c31ee&gy=jcourt&gc=HLD&sort=DS&&Page=11
279,https://law.judicial.gov.tw/FJUD/qryresultlst.aspx?q=75edac122beba46fe17189acc85c31ee&gy=jcourt&gc=HLD&sort=DS&&Page=12
280,https://law.judicial.gov.tw/FJUD/qryresultlst.aspx?q=75edac122beba46fe17189acc85c31ee&gy=jcourt&gc=HLD&sort=DS&&Page=13
281,https://law.judicial.gov.tw/FJUD/qryresultlst.aspx?q=75edac122beba46fe17189acc85c31ee&gy=jcourt&gc=TTD&sort=DS&&Page=1
282,https://law.judicial.gov.tw/FJUD/qryresultlst.aspx?q=75edac122beba46fe17189acc85c31ee&gy=jcourt&gc=TTD&sort=DS&&Page=2
283,https://law.judicial.gov.tw/FJUD/qryresultlst.aspx?q=75edac122beba46fe17189acc85c31ee&gy=jcourt&gc=TTD&sort=DS&&Page=3
284,https://law.judicial.gov.tw/FJUD/qryresultlst.aspx?q=75edac122beba46fe17189acc85c31ee&gy=jcourt&gc=TTD&sort=DS&&Page=4
285,https://law.judicial.gov.tw/FJUD/qryresultlst.aspx?q=75edac122beba46fe17189acc85c31ee&gy=jcourt&gc=TTD&sort=DS&&Page=5
286,https://law.judicial.gov.tw/FJUD/qryresultlst.aspx?q=75edac122beba46fe17189acc85c31ee&gy=jcourt&gc=PTD&sort=DS&&Page=1
287,https://law.judicial.gov.tw/FJUD/qryresultlst.aspx?q=75edac122beba46fe17189acc85c31ee&gy=jcourt&gc=PTD&sort=DS&&Page=2
288,https://law.judicial.gov.tw/FJUD/qryresultlst.aspx?q=75edac122beba46fe17189acc85c31ee&gy=jcourt&gc=PTD&sort=DS&&Page=3
289,https://law.judicial.gov.tw/FJUD/qryresultlst.aspx?q=75edac122beba46fe17189acc85c31ee&gy=jcourt&gc=PTD&sort=DS&&Page=4
290,https://law.judicial.gov.tw/FJUD/qryresultlst.aspx?q=75edac122beba46fe17189acc85c31ee&gy=jcourt&gc=PTD&sort=DS&&Page=5
291,https://law.judicial.gov.tw/FJUD/qryresultlst.aspx?q=75edac122beba46fe17189acc85c31ee&gy=jcourt&gc=PTD&sort=DS&&Page=6
292,https://law.judicial.gov.tw/FJUD/qryresultlst.aspx?q=75edac122beba46fe17189acc85c31ee&gy=jcourt&gc=PTD&sort=DS&&Page=7
293,https://law.judicial.gov.tw/FJUD/qryresultlst.aspx?q=75edac122beba46fe17189acc85c31ee&gy=jcourt&gc=PTD&sort=DS&&Page=8
294,https://law.judicial.gov.tw/FJUD/qryresultlst.aspx?q=75edac122beba46fe17189acc85c31ee&gy=jcourt&gc=PTD&sort=DS&&Page=9
295,https://law.judicial.gov.tw/FJUD/qryresultlst.aspx?q=75edac122beba46fe17189acc85c31ee&gy=jcourt&gc=PTD&sort=DS&&Page=10
296,https://law.judicial.gov.tw/FJUD/qryresultlst.aspx?q=75edac122beba46fe17189acc85c31ee&gy=jcourt&gc=PTD&sort=DS&&Page=11
297,https://law.judicial.gov.tw/FJUD/qryresultlst.aspx?q=75edac122beba46fe17189acc85c31ee&gy=jcourt&gc=PTD&sort=DS&&Page=12
298,https://law.judicial.gov.tw/FJUD/qryresultlst.aspx?q=75edac122beba46fe17189acc85c31ee&gy=jcourt&gc=PTD&sort=DS&&Page=13
299,https://law.judicial.gov.tw/FJUD/qryresultlst.aspx?q=75edac122beba46fe17189acc85c31ee&gy=jcourt&gc=PTD&sort=DS&&Page=14
300,https://law.judicial.gov.tw/FJUD/qryresultlst.aspx?q=75edac122beba46fe17189acc85c31ee&gy=jcourt&gc=PTD&sort=DS&&Page=15
301,https://law.judicial.gov.tw/FJUD/qryresultlst.aspx?q=75edac122beba46fe17189acc85c31ee&gy=jcourt&gc=PTD&sort=DS&&Page=16
302,https://law.judicial.gov.tw/FJUD/qryresultlst.aspx?q=75edac122beba46fe17189acc85c31ee&gy=jcourt&gc=PTD&sort=DS&&Page=17
303,https://law.judicial.gov.tw/FJUD/qryresultlst.aspx?q=75edac122beba46fe17189acc85c31ee&gy=jcourt&gc=PTD&sort=DS&&Page=18
304,https://law.judicial.gov.tw/FJUD/qryresultlst.aspx?q=59a8d83d75251a42163fefb69640c748&gy=jcourt&gc=TPD&sort=DS&&Page=1
305,https://law.judicial.gov.tw/FJUD/qryresultlst.aspx?q=59a8d83d75251a42163fefb69640c748&gy=jcourt&gc=TPD&sort=DS&&Page=2
306,https://law.judicial.gov.tw/FJUD/qryresultlst.aspx?q=59a8d83d75251a42163fefb69640c748&gy=jcourt&gc=TPD&sort=DS&&Page=3
307,https://law.judicial.gov.tw/FJUD/qryresultlst.aspx?q=59a8d83d75251a42163fefb69640c748&gy=jcourt&gc=TPD&sort=DS&&Page=4
308,https://law.judicial.gov.tw/FJUD/qryresultlst.aspx?q=59a8d83d75251a42163fefb69640c748&gy=jcourt&gc=TPD&sort=DS&&Page=5
309,https://law.judicial.gov.tw/FJUD/qryresultlst.aspx?q=59a8d83d75251a42163fefb69640c748&gy=jcourt&gc=TPD&sort=DS&&Page=6
310,https://law.judicial.gov.tw/FJUD/qryresultlst.aspx?q=59a8d83d75251a42163fefb69640c748&gy=jcourt&gc=TPD&sort=DS&&Page=7
311,https://law.judicial.gov.tw/FJUD/qryresultlst.aspx?q=59a8d83d75251a42163fefb69640c748&gy=jcourt&gc=TPD&sort=DS&&Page=8
312,https://law.judicial.gov.tw/FJUD/qryresultlst.aspx?q=59a8d83d75251a42163fefb69640c748&gy=jcourt&gc=TPD&sort=DS&&Page=9
313,https://law.judicial.gov.tw/FJUD/qryresultlst.aspx?q=59a8d83d75251a42163fefb69640c748&gy=jcourt&gc=TPD&sort=DS&&Page=10
314,https://law.judicial.gov.tw/FJUD/qryresultlst.aspx?q=59a8d83d75251a42163fefb69640c748&gy=jcourt&gc=TPD&sort=DS&&Page=11
315,https://law.judicial.gov.tw/FJUD/qryresultlst.aspx?q=59a8d83d75251a42163fefb69640c748&gy=jcourt&gc=TPD&sort=DS&&Page=12
316,https://law.judicial.gov.tw/FJUD/qryresultlst.aspx?q=59a8d83d75251a42163fefb69640c748&gy=jcourt&gc=TPD&sort=DS&&Page=13
317,https://law.judicial.gov.tw/FJUD/qryresultlst.aspx?q=59a8d83d75251a42163fefb69640c748&gy=jcourt&gc=TPD&sort=DS&&Page=14
318,https://law.judicial.gov.tw/FJUD/qryresultlst.aspx?q=59a8d83d75251a42163fefb69640c748&gy=jcourt&gc=TPD&sort=DS&&Page=15
319,https://law.judicial.gov.tw/FJUD/qryresultlst.aspx?q=59a8d83d75251a42163fefb69640c748&gy=jcourt&gc=TPD&sort=DS&&Page=16
320,https://law.judicial.gov.tw/FJUD/qryresultlst.aspx?q=59a8d83d75251a42163fefb69640c748&gy=jcourt&gc=TPD&sort=DS&&Page=17
321,https://law.judicial.gov.tw/FJUD/qryresultlst.aspx?q=59a8d83d75251a42163fefb69640c748&gy=jcourt&gc=TPD&sort=DS&&Page=18
322,https://law.judicial.gov.tw/FJUD/qryresultlst.aspx?q=59a8d83d75251a42163fefb69640c748&gy=jcourt&gc=TPD&sort=DS&&Page=19
323,https://law.judicial.gov.tw/FJUD/qryresultlst.aspx?q=59a8d83d75251a42163fefb69640c748&gy=jcourt&gc=TPD&sort=DS&&Page=20
324,https://law.judicial.gov.tw/FJUD/qryresultlst.aspx?q=59a8d83d75251a42163fefb69640c748&gy=jcourt&gc=TPD&sort=DS&&Page=21
325,https://law.judicial.gov.tw/FJUD/qryresultlst.aspx?q=59a8d83d75251a42163fefb69640c748&gy=jcourt&gc=TPD&sort=DS&&Page=22
326,https://law.judicial.gov.tw/FJUD/qryresultlst.aspx?q=59a8d83d75251a42163fefb69640c748&gy=jcourt&gc=TPD&sort=DS&&Page=23
327,https://law.judicial.gov.tw/FJUD/qryresultlst.aspx?q=59a8d83d75251a42163fefb69640c748&gy=jcourt&gc=TPD&sort=DS&&Page=24
328,https://law.judicial.gov.tw/FJUD/qryresultlst.aspx?q=59a8d83d75251a42163fefb69640c748&gy=jcourt&gc=TPD&sort=DS&&Page=25
329,https://law.judicial.gov.tw/FJUD/qryresultlst.aspx?q=59a8d83d75251a42163fefb69640c748&gy=jcourt&gc=SLD&sort=DS&&Page=1
330,https://law.judicial.gov.tw/FJUD/qryresultlst.aspx?q=59a8d83d75251a42163fefb69640c748&gy=jcourt&gc=SLD&sort=DS&&Page=2
331,https://law.judicial.gov.tw/FJUD/qryresultlst.aspx?q=59a8d83d75251a42163fefb69640c748&gy=jcourt&gc=SLD&sort=DS&&Page=3
332,https://law.judicial.gov.tw/FJUD/qryresultlst.aspx?q=59a8d83d75251a42163fefb69640c748&gy=jcourt&gc=SLD&sort=DS&&Page=4
333,https://law.judicial.gov.tw/FJUD/qryresultlst.aspx?q=59a8d83d75251a42163fefb69640c748&gy=jcourt&gc=SLD&sort=DS&&Page=5
334,https://law.judicial.gov.tw/FJUD/qryresultlst.aspx?q=59a8d83d75251a42163fefb69640c748&gy=jcourt&gc=SLD&sort=DS&&Page=6
335,https://law.judicial.gov.tw/FJUD/qryresultlst.aspx?q=59a8d83d75251a42163fefb69640c748&gy=jcourt&gc=SLD&sort=DS&&Page=7
336,https://law.judicial.gov.tw/FJUD/qryresultlst.aspx?q=59a8d83d75251a42163fefb69640c748&gy=jcourt&gc=SLD&sort=DS&&Page=8
337,https://law.judicial.gov.tw/FJUD/qryresultlst.aspx?q=59a8d83d75251a42163fefb69640c748&gy=jcourt&gc=SLD&sort=DS&&Page=9
338,https://law.judicial.gov.tw/FJUD/qryresultlst.aspx?q=59a8d83d75251a42163fefb69640c748&gy=jcourt&gc=SLD&sort=DS&&Page=10
339,https://law.judicial.gov.tw/FJUD/qryresultlst.aspx?q=59a8d83d75251a42163fefb69640c748&gy=jcourt&gc=SLD&sort=DS&&Page=11
340,https://law.judicial.gov.tw/FJUD/qryresultlst.aspx?q=59a8d83d75251a42163fefb69640c748&gy=jcourt&gc=SLD&sort=DS&&Page=12
341,https://law.judicial.gov.tw/FJUD/qryresultlst.aspx?q=59a8d83d75251a42163fefb69640c748&gy=jcourt&gc=SLD&sort=DS&&Page=13
342,https://law.judicial.gov.tw/FJUD/qryresultlst.aspx?q=59a8d83d75251a42163fefb69640c748&gy=jcourt&gc=SLD&sort=DS&&Page=14
343,https://law.judicial.gov.tw/FJUD/qryresultlst.aspx?q=59a8d83d75251a42163fefb69640c748&gy=jcourt&gc=PCD&sort=DS&&Page=1
344,https://law.judicial.gov.tw/FJUD/qryresultlst.aspx?q=59a8d83d75251a42163fefb69640c748&gy=jcourt&gc=PCD&sort=DS&&Page=2
345,https://law.judicial.gov.tw/FJUD/qryresultlst.aspx?q=59a8d83d75251a42163fefb69640c748&gy=jcourt&gc=PCD&sort=DS&&Page=3
346,https://law.judicial.gov.tw/FJUD/qryresultlst.aspx?q=59a8d83d75251a42163fefb69640c748&gy=jcourt&gc=PCD&sort=DS&&Page=4
347,https://law.judicial.gov.tw/FJUD/qryresultlst.aspx?q=59a8d83d75251a42163fefb69640c748&gy=jcourt&gc=PCD&sort=DS&&Page=5
348,https://law.judicial.gov.tw/FJUD/qryresultlst.aspx?q=59a8d83d75251a42163fefb69640c748&gy=jcourt&gc=PCD&sort=DS&&Page=6
349,https://law.judicial.gov.tw/FJUD/qryresultlst.aspx?q=59a8d83d75251a42163fefb69640c748&gy=jcourt&gc=PCD&sort=DS&&Page=7
350,https://law.judicial.gov.tw/FJUD/qryresultlst.aspx?q=59a8d83d75251a42163fefb69640c748&gy=jcourt&gc=PCD&sort=DS&&Page=8
351,https://law.judicial.gov.tw/FJUD/qryresultlst.aspx?q=59a8d83d75251a42163fefb69640c748&gy=jcourt&gc=PCD&sort=DS&&Page=9
352,https://law.judicial.gov.tw/FJUD/qryresultlst.aspx?q=59a8d83d75251a42163fefb69640c748&gy=jcourt&gc=PCD&sort=DS&&Page=10
353,https://law.judicial.gov.tw/FJUD/qryresultlst.aspx?q=59a8d83d75251a42163fefb69640c748&gy=jcourt&gc=PCD&sort=DS&&Page=11
354,https://law.judicial.gov.tw/FJUD/qryresultlst.aspx?q=59a8d83d75251a42163fefb69640c748&gy=jcourt&gc=PCD&sort=DS&&Page=12
355,https://law.judicial.gov.tw/FJUD/qryresultlst.aspx?q=59a8d83d75251a42163fefb69640c748&gy=jcourt&gc=PCD&sort=DS&&Page=13
356,https://law.judicial.gov.tw/FJUD/qryresultlst.aspx?q=59a8d83d75251a42163fefb69640c748&gy=jcourt&gc=PCD&sort=DS&&Page=14
357,https://law.judicial.gov.tw/FJUD/qryresultlst.aspx?q=59a8d83d75251a42163fefb69640c748&gy=jcourt&gc=PCD&sort=DS&&Page=15
358,https://law.judicial.gov.tw/FJUD/qryresultlst.aspx?q=59a8d83d75251a42163fefb69640c748&gy=jcourt&gc=PCD&sort=DS&&Page=16
359,https://law.judicial.gov.tw/FJUD/qryresultlst.aspx?q=59a8d83d75251a42163fefb69640c748&gy=jcourt&gc=PCD&sort=DS&&Page=17
360,https://law.judicial.gov.tw/FJUD/qryresultlst.aspx?q=59a8d83d75251a42163fefb69640c748&gy=jcourt&gc=PCD&sort=DS&&Page=18
361,https://law.judicial.gov.tw/FJUD/qryresultlst.aspx?q=59a8d83d75251a42163fefb69640c748&gy=jcourt&gc=PCD&sort=DS&&Page=19
362,https://law.judicial.gov.tw/FJUD/qryresultlst.aspx?q=59a8d83d75251a42163fefb69640c748&gy=jcourt&gc=PCD&sort=DS&&Page=20
363,https://law.judicial.gov.tw/FJUD/qryresultlst.aspx?q=59a8d83d75251a42163fefb69640c748&gy=jcourt&gc=PCD&sort=DS&&Page=21
364,https://law.judicial.gov.tw/FJUD/qryresultlst.aspx?q=59a8d83d75251a42163fefb69640c748&gy=jcourt&gc=PCD&sort=DS&&Page=22
365,https://law.judicial.gov.tw/FJUD/qryresultlst.aspx?q=59a8d83d75251a42163fefb69640c748&gy=jcourt&gc=PCD&sort=DS&&Page=23
366,https://law.judicial.gov.tw/FJUD/qryresultlst.aspx?q=59a8d83d75251a42163fefb69640c748&gy=jcourt&gc=PCD&sort=DS&&Page=24
367,https://law.judicial.gov.tw/FJUD/qryresultlst.aspx?q=59a8d83d75251a42163fefb69640c748&gy=jcourt&gc=PCD&sort=DS&&Page=25
368,https://law.judicial.gov.tw/FJUD/qryresultlst.aspx?q=59a8d83d75251a42163fefb69640c748&gy=jcourt&gc=ILD&sort=DS&&Page=1
369,https://law.judicial.gov.tw/FJUD/qryresultlst.aspx?q=59a8d83d75251a42163fefb69640c748&gy=jcourt&gc=ILD&sort=DS&&Page=2
370,https://law.judicial.gov.tw/FJUD/qryresultlst.aspx?q=59a8d83d75251a42163fefb69640c748&gy=jcourt&gc=ILD&sort=DS&&Page=3
371,https://law.judicial.gov.tw/FJUD/qryresultlst.aspx?q=59a8d83d75251a42163fefb69640c748&gy=jcourt&gc=ILD&sort=DS&&Page=4
372,https://law.judicial.gov.tw/FJUD/qryresultlst.aspx?q=59a8d83d75251a42163fefb69640c748&gy=jcourt&gc=ILD&sort=DS&&Page=5
373,https://law.judicial.gov.tw/FJUD/qryresultlst.aspx?q=59a8d83d75251a42163fefb69640c748&gy=jcourt&gc=ILD&sort=DS&&Page=6
374,https://law.judicial.gov.tw/FJUD/qryresultlst.aspx?q=59a8d83d75251a42163fefb69640c748&gy=jcourt&gc=KLD&sort=DS&&Page=1
375,https://law.judicial.gov.tw/FJUD/qryresultlst.aspx?q=59a8d83d75251a42163fefb69640c748&gy=jcourt&gc=KLD&sort=DS&&Page=2
376,https://law.judicial.gov.tw/FJUD/qryresultlst.aspx?q=59a8d83d75251a42163fefb69640c748&gy=jcourt&gc=KLD&sort=DS&&Page=3
377,https://law.judicial.gov.tw/FJUD/qryresultlst.aspx?q=59a8d83d75251a42163fefb69640c748&gy=jcourt&gc=KLD&sort=DS&&Page=4
378,https://law.judicial.gov.tw/FJUD/qryresultlst.aspx?q=59a8d83d75251a42163fefb69640c748&gy=jcourt&gc=KLD&sort=DS&&Page=5
379,https://law.judicial.gov.tw/FJUD/qryresultlst.aspx?q=59a8d83d75251a42163fefb69640c748&gy=jcourt&gc=KLD&sort=DS&&Page=6
380,https://law.judicial.gov.tw/FJUD/qryresultlst.aspx?q=59a8d83d75251a42163fefb69640c748&gy=jcourt&gc=KLD&sort=DS&&Page=7
381,https://law.judicial.gov.tw/FJUD/qryresultlst.aspx?q=59a8d83d75251a42163fefb69640c748&gy=jcourt&gc=KLD&sort=DS&&Page=8
382,https://law.judicial.gov.tw/FJUD/qryresultlst.aspx?q=59a8d83d75251a42163fefb69640c748&gy=jcourt&gc=KLD&sort=DS&&Page=9
383,https://law.judicial.gov.tw/FJUD/qryresultlst.aspx?q=59a8d83d75251a42163fefb69640c748&gy=jcourt&gc=KLD&sort=DS&&Page=10
384,https://law.judicial.gov.tw/FJUD/qryresultlst.aspx?q=59a8d83d75251a42163fefb69640c748&gy=jcourt&gc=TYD&sort=DS&&Page=1
385,https://law.judicial.gov.tw/FJUD/qryresultlst.aspx?q=59a8d83d75251a42163fefb69640c748&gy=jcourt&gc=TYD&sort=DS&&Page=2
386,https://law.judicial.gov.tw/FJUD/qryresultlst.aspx?q=59a8d83d75251a42163fefb69640c748&gy=jcourt&gc=TYD&sort=DS&&Page=3
387,https://law.judicial.gov.tw/FJUD/qryresultlst.aspx?q=59a8d83d75251a42163fefb69640c748&gy=jcourt&gc=TYD&sort=DS&&Page=4
388,https://law.judicial.gov.tw/FJUD/qryresultlst.aspx?q=59a8d83d75251a42163fefb69640c748&gy=jcourt&gc=TYD&sort=DS&&Page=5
389,https://law.judicial.gov.tw/FJUD/qryresultlst.aspx?q=59a8d83d75251a42163fefb69640c748&gy=jcourt&gc=TYD&sort=DS&&Page=6
390,https://law.judicial.gov.tw/FJUD/qryresultlst.aspx?q=59a8d83d75251a42163fefb69640c748&gy=jcourt&gc=TYD&sort=DS&&Page=7
391,https://law.judicial.gov.tw/FJUD/qryresultlst.aspx?q=59a8d83d75251a42163fefb69640c748&gy=jcourt&gc=TYD&sort=DS&&Page=8
392,https://law.judicial.gov.tw/FJUD/qryresultlst.aspx?q=59a8d83d75251a42163fefb69640c748&gy=jcourt&gc=TYD&sort=DS&&Page=9
393,https://law.judicial.gov.tw/FJUD/qryresultlst.aspx?q=59a8d83d75251a42163fefb69640c748&gy=jcourt&gc=TYD&sort=DS&&Page=10
394,https://law.judicial.gov.tw/FJUD/qryresultlst.aspx?q=59a8d83d75251a42163fefb69640c748&gy=jcourt&gc=TYD&sort=DS&&Page=11
395,https://law.judicial.gov.tw/FJUD/qryresultlst.aspx?q=59a8d83d75251a42163fefb69640c748&gy=jcourt&gc=TYD&sort=DS&&Page=12
396,https://law.judicial.gov.tw/FJUD/qryresultlst.aspx?q=59a8d83d75251a42163fefb69640c748&gy=jcourt&gc=TYD&sort=DS&&Page=13
397,https://law.judicial.gov.tw/FJUD/qryresultlst.aspx?q=59a8d83d75251a42163fefb69640c748&gy=jcourt&gc=TYD&sort=DS&&Page=14
398,https://law.judicial.gov.tw/FJUD/qryresultlst.aspx?q=59a8d83d75251a42163fefb69640c748&gy=jcourt&gc=TYD&sort=DS&&Page=15
399,https://law.judicial.gov.tw/FJUD/qryresultlst.aspx?q=59a8d83d75251a42163fefb69640c748&gy=jcourt&gc=TYD&sort=DS&&Page=16
400,https://law.judicial.gov.tw/FJUD/qryresultlst.aspx?q=59a8d83d75251a42163fefb69640c748&gy=jcourt&gc=TYD&sort=DS&&Page=17
401,https://law.judicial.gov.tw/FJUD/qryresultlst.aspx?q=59a8d83d75251a42163fefb69640c748&gy=jcourt&gc=TYD&sort=DS&&Page=18
402,https://law.judicial.gov.tw/FJUD/qryresultlst.aspx?q=59a8d83d75251a42163fefb69640c748&gy=jcourt&gc=TYD&sort=DS&&Page=19
403,https://law.judicial.gov.tw/FJUD/qryresultlst.aspx?q=59a8d83d75251a42163fefb69640c748&gy=jcourt&gc=TYD&sort=DS&&Page=20
404,https://law.judicial.gov.tw/FJUD/qryresultlst.aspx?q=59a8d83d75251a42163fefb69640c748&gy=jcourt&gc=TYD&sort=DS&&Page=21
405,https://law.judicial.gov.tw/FJUD/qryresultlst.aspx?q=59a8d83d75251a42163fefb69640c748&gy=jcourt&gc=TYD&sort=DS&&Page=22
406,https://law.judicial.gov.tw/FJUD/qryresultlst.aspx?q=59a8d83d75251a42163fefb69640c748&gy=jcourt&gc=TYD&sort=DS&&Page=23
407,https://law.judicial.gov.tw/FJUD/qryresultlst.aspx?q=59a8d83d75251a42163fefb69640c748&gy=jcourt&gc=TYD&sort=DS&&Page=24
408,https://law.judicial.gov.tw/FJUD/qryresultlst.aspx?q=59a8d83d75251a42163fefb69640c748&gy=jcourt&gc=TYD&sort=DS&&Page=25
409,https://law.judicial.gov.tw/FJUD/qryresultlst.aspx?q=59a8d83d75251a42163fefb69640c748&gy=jcourt&gc=SCD&sort=DS&&Page=1
410,https://law.judicial.gov.tw/FJUD/qryresultlst.aspx?q=59a8d83d75251a42163fefb69640c748&gy=jcourt&gc=SCD&sort=DS&&Page=2
411,https://law.judicial.gov.tw/FJUD/qryresultlst.aspx?q=59a8d83d75251a42163fefb69640c748&gy=jcourt&gc=SCD&sort=DS&&Page=3
412,https://law.judicial.gov.tw/FJUD/qryresultlst.aspx?q=59a8d83d75251a42163fefb69640c748&gy=jcourt&gc=SCD&sort=DS&&Page=4
413,https://law.judicial.gov.tw/FJUD/qryresultlst.aspx?q=59a8d83d75251a42163fefb69640c748&gy=jcourt&gc=SCD&sort=DS&&Page=5
414,https://law.judicial.gov.tw/FJUD/qryresultlst.aspx?q=59a8d83d75251a42163fefb69640c748&gy=jcourt&gc=SCD&sort=DS&&Page=6
415,https://law.judicial.gov.tw/FJUD/qryresultlst.aspx?q=59a8d83d75251a42163fefb69640c748&gy=jcourt&gc=SCD&sort=DS&&Page=7
416,https://law.judicial.gov.tw/FJUD/qryresultlst.aspx?q=59a8d83d75251a42163fefb69640c748&gy=jcourt&gc=SCD&sort=DS&&Page=8
417,https://law.judicial.gov.tw/FJUD/qryresultlst.aspx?q=59a8d83d75251a42163fefb69640c748&gy=jcourt&gc=SCD&sort=DS&&Page=9
418,https://law.judicial.gov.tw/FJUD/qryresultlst.aspx?q=59a8d83d75251a42163fefb69640c748&gy=jcourt&gc=SCD&sort=DS&&Page=10
419,https://law.judicial.gov.tw/FJUD/qryresultlst.aspx?q=59a8d83d75251a42163fefb69640c748&gy=jcourt&gc=MLD&sort=DS&&Page=1
420,https://law.judicial.gov.tw/FJUD/qryresultlst.aspx?q=59a8d83d75251a42163fefb69640c748&gy=jcourt&gc=MLD&sort=DS&&Page=2
421,https://law.judicial.gov.tw/FJUD/qryresultlst.aspx?q=59a8d83d75251a42163fefb69640c748&gy=jcourt&gc=MLD&sort=DS&&Page=3
422,https://law.judicial.gov.tw/FJUD/qryresultlst.aspx?q=59a8d83d75251a42163fefb69640c748&gy=jcourt&gc=MLD&sort=DS&&Page=4
423,https://law.judicial.gov.tw/FJUD/qryresultlst.aspx?q=59a8d83d75251a42163fefb69640c748&gy=jcourt&gc=MLD&sort=DS&&Page=5
424,https://law.judicial.gov.tw/FJUD/qryresultlst.aspx?q=59a8d83d75251a42163fefb69640c748&gy=jcourt&gc=MLD&sort=DS&&Page=6
425,https://law.judicial.gov.tw/FJUD/qryresultlst.aspx?q=59a8d83d75251a42163fefb69640c748&gy=jcourt&gc=MLD&sort=DS&&Page=7
426,https://law.judicial.gov.tw/FJUD/qryresultlst.aspx?q=59a8d83d75251a42163fefb69640c748&gy=jcourt&gc=MLD&sort=DS&&Page=8
427,https://law.judicial.gov.tw/FJUD/qryresultlst.aspx?q=59a8d83d75251a42163fefb69640c748&gy=jcourt&gc=MLD&sort=DS&&Page=9
428,https://law.judicial.gov.tw/FJUD/qryresultlst.aspx?q=59a8d83d75251a42163fefb69640c748&gy=jcourt&gc=TCD&sort=DS&&Page=1
429,https://law.judicial.gov.tw/FJUD/qryresultlst.aspx?q=59a8d83d75251a42163fefb69640c748&gy=jcourt&gc=TCD&sort=DS&&Page=2
430,https://law.judicial.gov.tw/FJUD/qryresultlst.aspx?q=59a8d83d75251a42163fefb69640c748&gy=jcourt&gc=TCD&sort=DS&&Page=3
431,https://law.judicial.gov.tw/FJUD/qryresultlst.aspx?q=59a8d83d75251a42163fefb69640c748&gy=jcourt&gc=TCD&sort=DS&&Page=4
432,https://law.judicial.gov.tw/FJUD/qryresultlst.aspx?q=59a8d83d75251a42163fefb69640c748&gy=jcourt&gc=TCD&sort=DS&&Page=5
433,https://law.judicial.gov.tw/FJUD/qryresultlst.aspx?q=59a8d83d75251a42163fefb69640c748&gy=jcourt&gc=TCD&sort=DS&&Page=6
434,https://law.judicial.gov.tw/FJUD/qryresultlst.aspx?q=59a8d83d75251a42163fefb69640c748&gy=jcourt&gc=TCD&sort=DS&&Page=7
435,https://law.judicial.gov.tw/FJUD/qryresultlst.aspx?q=59a8d83d75251a42163fefb69640c748&gy=jcourt&gc=TCD&sort=DS&&Page=8
436,https://law.judicial.gov.tw/FJUD/qryresultlst.aspx?q=59a8d83d75251a42163fefb69640c748&gy=jcourt&gc=TCD&sort=DS&&Page=9
437,https://law.judicial.gov.tw/FJUD/qryresultlst.aspx?q=59a8d83d75251a42163fefb69640c748&gy=jcourt&gc=TCD&sort=DS&&Page=10
438,https://law.judicial.gov.tw/FJUD/qryresultlst.aspx?q=59a8d83d75251a42163fefb69640c748&gy=jcourt&gc=TCD&sort=DS&&Page=11
439,https://law.judicial.gov.tw/FJUD/qryresultlst.aspx?q=59a8d83d75251a42163fefb69640c748&gy=jcourt&gc=TCD&sort=DS&&Page=12
440,https://law.judicial.gov.tw/FJUD/qryresultlst.aspx?q=59a8d83d75251a42163fefb69640c748&gy=jcourt&gc=TCD&sort=DS&&Page=13
441,https://law.judicial.gov.tw/FJUD/qryresultlst.aspx?q=59a8d83d75251a42163fefb69640c748&gy=jcourt&gc=TCD&sort=DS&&Page=14
442,https://law.judicial.gov.tw/FJUD/qryresultlst.aspx?q=59a8d83d75251a42163fefb69640c748&gy=jcourt&gc=TCD&sort=DS&&Page=15
443,https://law.judicial.gov.tw/FJUD/qryresultlst.aspx?q=59a8d83d75251a42163fefb69640c748&gy=jcourt&gc=TCD&sort=DS&&Page=16
444,https://law.judicial.gov.tw/FJUD/qryresultlst.aspx?q=59a8d83d75251a42163fefb69640c748&gy=jcourt&gc=TCD&sort=DS&&Page=17
445,https://law.judicial.gov.tw/FJUD/qryresultlst.aspx?q=59a8d83d75251a42163fefb69640c748&gy=jcourt&gc=TCD&sort=DS&&Page=18
446,https://law.judicial.gov.tw/FJUD/qryresultlst.aspx?q=59a8d83d75251a42163fefb69640c748&gy=jcourt&gc=TCD&sort=DS&&Page=19
447,https://law.judicial.gov.tw/FJUD/qryresultlst.aspx?q=59a8d83d75251a42163fefb69640c748&gy=jcourt&gc=TCD&sort=DS&&Page=20
448,https://law.judicial.gov.tw/FJUD/qryresultlst.aspx?q=59a8d83d75251a42163fefb69640c748&gy=jcourt&gc=TCD&sort=DS&&Page=21
449,https://law.judicial.gov.tw/FJUD/qryresultlst.aspx?q=59a8d83d75251a42163fefb69640c748&gy=jcourt&gc=TCD&sort=DS&&Page=22
450,https://law.judicial.gov.tw/FJUD/qryresultlst.aspx?q=59a8d83d75251a42163fefb69640c748&gy=jcourt&gc=TCD&sort=DS&&Page=23
451,https://law.judicial.gov.tw/FJUD/qryresultlst.aspx?q=59a8d83d75251a42163fefb69640c748&gy=jcourt&gc=TCD&sort=DS&&Page=24
452,https://law.judicial.gov.tw/FJUD/qryresultlst.aspx?q=59a8d83d75251a42163fefb69640c748&gy=jcourt&gc=TCD&sort=DS&&Page=25
453,https://law.judicial.gov.tw/FJUD/qryresultlst.aspx?q=59a8d83d75251a42163fefb69640c748&gy=jcourt&gc=CHD&sort=DS&&Page=1
454,https://law.judicial.gov.tw/FJUD/qryresultlst.aspx?q=59a8d83d75251a42163fefb69640c748&gy=jcourt&gc=CHD&sort=DS&&Page=2
455,https://law.judicial.gov.tw/FJUD/qryresultlst.aspx?q=59a8d83d75251a42163fefb69640c748&gy=jcourt&gc=CHD&sort=DS&&Page=3
456,https://law.judicial.gov.tw/FJUD/qryresultlst.aspx?q=59a8d83d75251a42163fefb69640c748&gy=jcourt&gc=CHD&sort=DS&&Page=4
457,https://law.judicial.gov.tw/FJUD/qryresultlst.aspx?q=59a8d83d75251a42163fefb69640c748&gy=jcourt&gc=CHD&sort=DS&&Page=5
458,https://law.judicial.gov.tw/FJUD/qryresultlst.aspx?q=59a8d83d75251a42163fefb69640c748&gy=jcourt&gc=CHD&sort=DS&&Page=6
459,https://law.judicial.gov.tw/FJUD/qryresultlst.aspx?q=59a8d83d75251a42163fefb69640c748&gy=jcourt&gc=CHD&sort=DS&&Page=7
460,https://law.judicial.gov.tw/FJUD/qryresultlst.aspx?q=59a8d83d75251a42163fefb69640c748&gy=jcourt&gc=CHD&sort=DS&&Page=8
461,https://law.judicial.gov.tw/FJUD/qryresultlst.aspx?q=59a8d83d75251a42163fefb69640c748&gy=jcourt&gc=CHD&sort=DS&&Page=9
462,https://law.judicial.gov.tw/FJUD/qryresultlst.aspx?q=59a8d83d75251a42163fefb69640c748&gy=jcourt&gc=CHD&sort=DS&&Page=10
463,https://law.judicial.gov.tw/FJUD/qryresultlst.aspx?q=59a8d83d75251a42163fefb69640c748&gy=jcourt&gc=CHD&sort=DS&&Page=11
464,https://law.judicial.gov.tw/FJUD/qryresultlst.aspx?q=59a8d83d75251a42163fefb69640c748&gy=jcourt&gc=CHD&sort=DS&&Page=12
465,https://law.judicial.gov.tw/FJUD/qryresultlst.aspx?q=59a8d83d75251a42163fefb69640c748&gy=jcourt&gc=CHD&sort=DS&&Page=13
466,https://law.judicial.gov.tw/FJUD/qryresultlst.aspx?q=59a8d83d75251a42163fefb69640c748&gy=jcourt&gc=CHD&sort=DS&&Page=14
467,https://law.judicial.gov.tw/FJUD/qryresultlst.aspx?q=59a8d83d75251a42163fefb69640c748&gy=jcourt&gc=NTD&sort=DS&&Page=1
468,https://law.judicial.gov.tw/FJUD/qryresultlst.aspx?q=59a8d83d75251a42163fefb69640c748&gy=jcourt&gc=NTD&sort=DS&&Page=2
469,https://law.judicial.gov.tw/FJUD/qryresultlst.aspx?q=59a8d83d75251a42163fefb69640c748&gy=jcourt&gc=NTD&sort=DS&&Page=3
470,https://law.judicial.gov.tw/FJUD/qryresultlst.aspx?q=59a8d83d75251a42163fefb69640c748&gy=jcourt&gc=NTD&sort=DS&&Page=4
471,https://law.judicial.gov.tw/FJUD/qryresultlst.aspx?q=59a8d83d75251a42163fefb69640c748&gy=jcourt&gc=NTD&sort=DS&&Page=5
472,https://law.judicial.gov.tw/FJUD/qryresultlst.aspx?q=59a8d83d75251a42163fefb69640c748&gy=jcourt&gc=NTD&sort=DS&&Page=6
473,https://law.judicial.gov.tw/FJUD/qryresultlst.aspx?q=59a8d83d75251a42163fefb69640c748&gy=jcourt&gc=NTD&sort=DS&&Page=7
474,https://law.judicial.gov.tw/FJUD/qryresultlst.aspx?q=59a8d83d75251a42163fefb69640c748&gy=jcourt&gc=NTD&sort=DS&&Page=8
475,https://law.judicial.gov.tw/FJUD/qryresultlst.aspx?q=59a8d83d75251a42163fefb69640c748&gy=jcourt&gc=ULD&sort=DS&&Page=1
476,https://law.judicial.gov.tw/FJUD/qryresultlst.aspx?q=59a8d83d75251a42163fefb69640c748&gy=jcourt&gc=ULD&sort=DS&&Page=2
477,https://law.judicial.gov.tw/FJUD/qryresultlst.aspx?q=59a8d83d75251a42163fefb69640c748&gy=jcourt&gc=ULD&sort=DS&&Page=3
478,https://law.judicial.gov.tw/FJUD/qryresultlst.aspx?q=59a8d83d75251a42163fefb69640c748&gy=jcourt&gc=ULD&sort=DS&&Page=4
479,https://law.judicial.gov.tw/FJUD/qryresultlst.aspx?q=59a8d83d75251a42163fefb69640c748&gy=jcourt&gc=ULD&sort=DS&&Page=5
480,https://law.judicial.gov.tw/FJUD/qryresultlst.aspx?q=59a8d83d75251a42163fefb69640c748&gy=jcourt&gc=ULD&sort=DS&&Page=6
481,https://law.judicial.gov.tw/FJUD/qryresultlst.aspx?q=59a8d83d75251a42163fefb69640c748&gy=jcourt&gc=CYD&sort=DS&&Page=1
482,https://law.judicial.gov.tw/FJUD/qryresultlst.aspx?q=59a8d83d75251a42163fefb69640c748&gy=jcourt&gc=CYD&sort=DS&&Page=2
483,https://law.judicial.gov.tw/FJUD/qryresultlst.aspx?q=59a8d83d75251a42163fefb69640c748&gy=jcourt&gc=CYD&sort=DS&&Page=3
484,https://law.judicial.gov.tw/FJUD/qryresultlst.aspx?q=59a8d83d75251a42163fefb69640c748&gy=jcourt&gc=CYD&sort=DS&&Page=4
485,https://law.judicial.gov.tw/FJUD/qryresultlst.aspx?q=59a8d83d75251a42163fefb69640c748&gy=jcourt&gc=CYD&sort=DS&&Page=5
486,https://law.judicial.gov.tw/FJUD/qryresultlst.aspx?q=59a8d83d75251a42163fefb69640c748&gy=jcourt&gc=CYD&sort=DS&&Page=6
487,https://law.judicial.gov.tw/FJUD/qryresultlst.aspx?q=59a8d83d75251a42163fefb69640c748&gy=jcourt&gc=CYD&sort=DS&&Page=7
488,https://law.judicial.gov.tw/FJUD/qryresultlst.aspx?q=59a8d83d75251a42163fefb69640c748&gy=jcourt&gc=CYD&sort=DS&&Page=8
489,https://law.judicial.gov.tw/FJUD/qryresultlst.aspx?q=59a8d83d75251a42163fefb69640c748&gy=jcourt&gc=CYD&sort=DS&&Page=9
490,https://law.judicial.gov.tw/FJUD/qryresultlst.aspx?q=59a8d83d75251a42163fefb69640c748&gy=jcourt&gc=CYD&sort=DS&&Page=10
491,https://law.judicial.gov.tw/FJUD/qryresultlst.aspx?q=59a8d83d75251a42163fefb69640c748&gy=jcourt&gc=TND&sort=DS&&Page=1
492,https://law.judicial.gov.tw/FJUD/qryresultlst.aspx?q=59a8d83d75251a42163fefb69640c748&gy=jcourt&gc=TND&sort=DS&&Page=2
493,https://law.judicial.gov.tw/FJUD/qryresultlst.aspx?q=59a8d83d75251a42163fefb69640c748&gy=jcourt&gc=TND&sort=DS&&Page=3
494,https://law.judicial.gov.tw/FJUD/qryresultlst.aspx?q=59a8d83d75251a42163fefb69640c748&gy=jcourt&gc=TND&sort=DS&&Page=4
495,https://law.judicial.gov.tw/FJUD/qryresultlst.aspx?q=59a8d83d75251a42163fefb69640c748&gy=jcourt&gc=TND&sort=DS&&Page=5
496,https://law.judicial.gov.tw/FJUD/qryresultlst.aspx?q=59a8d83d75251a42163fefb69640c748&gy=jcourt&gc=TND&sort=DS&&Page=6
497,https://law.judicial.gov.tw/FJUD/qryresultlst.aspx?q=59a8d83d75251a42163fefb69640c748&gy=jcourt&gc=TND&sort=DS&&Page=7
498,https://law.judicial.gov.tw/FJUD/qryresultlst.aspx?q=59a8d83d75251a42163fefb69640c748&gy=jcourt&gc=TND&sort=DS&&Page=8
499,https://law.judicial.gov.tw/FJUD/qryresultlst.aspx?q=59a8d83d75251a42163fefb69640c748&gy=jcourt&gc=TND&sort=DS&&Page=9
500,https://law.judicial.gov.tw/FJUD/qryresultlst.aspx?q=59a8d83d75251a42163fefb69640c748&gy=jcourt&gc=TND&sort=DS&&Page=10
501,https://law.judicial.gov.tw/FJUD/qryresultlst.aspx?q=59a8d83d75251a42163fefb69640c748&gy=jcourt&gc=TND&sort=DS&&Page=11
502,https://law.judicial.gov.tw/FJUD/qryresultlst.aspx?q=59a8d83d75251a42163fefb69640c748&gy=jcourt&gc=TND&sort=DS&&Page=12
503,https://law.judicial.gov.tw/FJUD/qryresultlst.aspx?q=59a8d83d75251a42163fefb69640c748&gy=jcourt&gc=TND&sort=DS&&Page=13
504,https://law.judicial.gov.tw/FJUD/qryresultlst.aspx?q=59a8d83d75251a42163fefb69640c748&gy=jcourt&gc=TND&sort=DS&&Page=14
505,https://law.judicial.gov.tw/FJUD/qryresultlst.aspx?q=59a8d83d75251a42163fefb69640c748&gy=jcourt&gc=TND&sort=DS&&Page=15
506,https://law.judicial.gov.tw/FJUD/qryresultlst.aspx?q=59a8d83d75251a42163fefb69640c748&gy=jcourt&gc=TND&sort=DS&&Page=16
507,https://law.judicial.gov.tw/FJUD/qryresultlst.aspx?q=59a8d83d75251a42163fefb69640c748&gy=jcourt&gc=TND&sort=DS&&Page=17
508,https://law.judicial.gov.tw/FJUD/qryresultlst.aspx?q=59a8d83d75251a42163fefb69640c748&gy=jcourt&gc=TND&sort=DS&&Page=18
509,https://law.judicial.gov.tw/FJUD/qryresultlst.aspx?q=59a8d83d75251a42163fefb69640c748&gy=jcourt&gc=TND&sort=DS&&Page=19
510,https://law.judicial.gov.tw/FJUD/qryresultlst.aspx?q=59a8d83d75251a42163fefb69640c748&gy=jcourt&gc=TND&sort=DS&&Page=20
511,https://law.judicial.gov.tw/FJUD/qryresultlst.aspx?q=59a8d83d75251a42163fefb69640c748&gy=jcourt&gc=TND&sort=DS&&Page=21
512,https://law.judicial.gov.tw/FJUD/qryresultlst.aspx?q=59a8d83d75251a42163fefb69640c748&gy=jcourt&gc=TND&sort=DS&&Page=22
513,https://law.judicial.gov.tw/FJUD/qryresultlst.aspx?q=59a8d83d75251a42163fefb69640c748&gy=jcourt&gc=TND&sort=DS&&Page=23
514,https://law.judicial.gov.tw/FJUD/qryresultlst.aspx?q=59a8d83d75251a42163fefb69640c748&gy=jcourt&gc=TND&sort=DS&&Page=24
515,https://law.judicial.gov.tw/FJUD/qryresultlst.aspx?q=59a8d83d75251a42163fefb69640c748&gy=jcourt&gc=KSD&sort=DS&&Page=1
516,https://law.judicial.gov.tw/FJUD/qryresultlst.aspx?q=59a8d83d75251a42163fefb69640c748&gy=jcourt&gc=KSD&sort=DS&&Page=2
517,https://law.judicial.gov.tw/FJUD/qryresultlst.aspx?q=59a8d83d75251a42163fefb69640c748&gy=jcourt&gc=KSD&sort=DS&&Page=3
518,https://law.judicial.gov.tw/FJUD/qryresultlst.aspx?q=59a8d83d75251a42163fefb69640c748&gy=jcourt&gc=KSD&sort=DS&&Page=4
519,https://law.judicial.gov.tw/FJUD/qryresultlst.aspx?q=59a8d83d75251a42163fefb69640c748&gy=jcourt&gc=KSD&sort=DS&&Page=5
520,https://law.judicial.gov.tw/FJUD/qryresultlst.aspx?q=59a8d83d75251a42163fefb69640c748&gy=jcourt&gc=KSD&sort=DS&&Page=6
521,https://law.judicial.gov.tw/FJUD/qryresultlst.aspx?q=59a8d83d75251a42163fefb69640c748&gy=jcourt&gc=KSD&sort=DS&&Page=7
522,https://law.judicial.gov.tw/FJUD/qryresultlst.aspx?q=59a8d83d75251a42163fefb69640c748&gy=jcourt&gc=KSD&sort=DS&&Page=8
523,https://law.judicial.gov.tw/FJUD/qryresultlst.aspx?q=59a8d83d75251a42163fefb69640c748&gy=jcourt&gc=KSD&sort=DS&&Page=9
524,https://law.judicial.gov.tw/FJUD/qryresultlst.aspx?q=59a8d83d75251a42163fefb69640c748&gy=jcourt&gc=KSD&sort=DS&&Page=10
525,https://law.judicial.gov.tw/FJUD/qryresultlst.aspx?q=59a8d83d75251a42163fefb69640c748&gy=jcourt&gc=KSD&sort=DS&&Page=11
526,https://law.judicial.gov.tw/FJUD/qryresultlst.aspx?q=59a8d83d75251a42163fefb69640c748&gy=jcourt&gc=KSD&sort=DS&&Page=12
527,https://law.judicial.gov.tw/FJUD/qryresultlst.aspx?q=59a8d83d75251a42163fefb69640c748&gy=jcourt&gc=KSD&sort=DS&&Page=13
528,https://law.judicial.gov.tw/FJUD/qryresultlst.aspx?q=59a8d83d75251a42163fefb69640c748&gy=jcourt&gc=KSD&sort=DS&&Page=14
529,https://law.judicial.gov.tw/FJUD/qryresultlst.aspx?q=59a8d83d75251a42163fefb69640c748&gy=jcourt&gc=KSD&sort=DS&&Page=15
530,https://law.judicial.gov.tw/FJUD/qryresultlst.aspx?q=59a8d83d75251a42163fefb69640c748&gy=jcourt&gc=KSD&sort=DS&&Page=16
531,https://law.judicial.gov.tw/FJUD/qryresultlst.aspx?q=59a8d83d75251a42163fefb69640c748&gy=jcourt&gc=KSD&sort=DS&&Page=17
532,https://law.judicial.gov.tw/FJUD/qryresultlst.aspx?q=59a8d83d75251a42163fefb69640c748&gy=jcourt&gc=KSD&sort=DS&&Page=18
533,https://law.judicial.gov.tw/FJUD/qryresultlst.aspx?q=59a8d83d75251a42163fefb69640c748&gy=jcourt&gc=KSD&sort=DS&&Page=19
534,https://law.judicial.gov.tw/FJUD/qryresultlst.aspx?q=59a8d83d75251a42163fefb69640c748&gy=jcourt&gc=KSD&sort=DS&&Page=20
535,https://law.judicial.gov.tw/FJUD/qryresultlst.aspx?q=59a8d83d75251a42163fefb69640c748&gy=jcourt&gc=KSD&sort=DS&&Page=21
536,https://law.judicial.gov.tw/FJUD/qryresultlst.aspx?q=59a8d83d75251a42163fefb69640c748&gy=jcourt&gc=KSD&sort=DS&&Page=22
537,https://law.judicial.gov.tw/FJUD/qryresultlst.aspx?q=59a8d83d75251a42163fefb69640c748&gy=jcourt&gc=KSD&sort=DS&&Page=23
538,https://law.judicial.gov.tw/FJUD/qryresultlst.aspx?q=59a8d83d75251a42163fefb69640c748&gy=jcourt&gc=KSD&sort=DS&&Page=24
539,https://law.judicial.gov.tw/FJUD/qryresultlst.aspx?q=59a8d83d75251a42163fefb69640c748&gy=jcourt&gc=CTD&sort=DS&&Page=1
540,https://law.judicial.gov.tw/FJUD/qryresultlst.aspx?q=59a8d83d75251a42163fefb69640c748&gy=jcourt&gc=CTD&sort=DS&&Page=2
541,https://law.judicial.gov.tw/FJUD/qryresultlst.aspx?q=59a8d83d75251a42163fefb69640c748&gy=jcourt&gc=CTD&sort=DS&&Page=3
542,https://law.judicial.gov.tw/FJUD/qryresultlst.aspx?q=59a8d83d75251a42163fefb69640c748&gy=jcourt&gc=CTD&sort=DS&&Page=4
543,https://law.judicial.gov.tw/FJUD/qryresultlst.aspx?q=59a8d83d75251a42163fefb69640c748&gy=jcourt&gc=CTD&sort=DS&&Page=5
544,https://law.judicial.gov.tw/FJUD/qryresultlst.aspx?q=59a8d83d75251a42163fefb69640c748&gy=jcourt&gc=CTD&sort=DS&&Page=6
545,https://law.judicial.gov.tw/FJUD/qryresultlst.aspx?q=59a8d83d75251a42163fefb69640c748&gy=jcourt&gc=CTD&sort=DS&&Page=7
546,https://law.judicial.gov.tw/FJUD/qryresultlst.aspx?q=59a8d83d75251a42163fefb69640c748&gy=jcourt&gc=CTD&sort=DS&&Page=8
547,https://law.judicial.gov.tw/FJUD/qryresultlst.aspx?q=59a8d83d75251a42163fefb69640c748&gy=jcourt&gc=CTD&sort=DS&&Page=9
548,https://law.judicial.gov.tw/FJUD/qryresultlst.aspx?q=59a8d83d75251a42163fefb69640c748&gy=jcourt&gc=CTD&sort=DS&&Page=10
549,https://law.judicial.gov.tw/FJUD/qryresultlst.aspx?q=59a8d83d75251a42163fefb69640c748&gy=jcourt&gc=CTD&sort=DS&&Page=11
550,https://law.judicial.gov.tw/FJUD/qryresultlst.aspx?q=59a8d83d75251a42163fefb69640c748&gy=jcourt&gc=CTD&sort=DS&&Page=12
551,https://law.judicial.gov.tw/FJUD/qryresultlst.aspx?q=59a8d83d75251a42163fefb69640c748&gy=jcourt&gc=CTD&sort=DS&&Page=13
552,https://law.judicial.gov.tw/FJUD/qryresultlst.aspx?q=59a8d83d75251a42163fefb69640c748&gy=jcourt&gc=CTD&sort=DS&&Page=14
553,https://law.judicial.gov.tw/FJUD/qryresultlst.aspx?q=59a8d83d75251a42163fefb69640c748&gy=jcourt&gc=CTD&sort=DS&&Page=15
554,https://law.judicial.gov.tw/FJUD/qryresultlst.aspx?q=59a8d83d75251a42163fefb69640c748&gy=jcourt&gc=CTD&sort=DS&&Page=16
555,https://law.judicial.gov.tw/FJUD/qryresultlst.aspx?q=59a8d83d75251a42163fefb69640c748&gy=jcourt&gc=CTD&sort=DS&&Page=17
556,https://law.judicial.gov.tw/FJUD/qryresultlst.aspx?q=59a8d83d75251a42163fefb69640c748&gy=jcourt&gc=CTD&sort=DS&&Page=18
557,https://law.judicial.gov.tw/FJUD/qryresultlst.aspx?q=59a8d83d75251a42163fefb69640c748&gy=jcourt&gc=CTD&sort=DS&&Page=19
558,https://law.judicial.gov.tw/FJUD/qryresultlst.aspx?q=59a8d83d75251a42163fefb69640c748&gy=jcourt&gc=CTD&sort=DS&&Page=20
559,https://law.judicial.gov.tw/FJUD/qryresultlst.aspx?q=59a8d83d75251a42163fefb69640c748&gy=jcourt&gc=CTD&sort=DS&&Page=21
560,https://law.judicial.gov.tw/FJUD/qryresultlst.aspx?q=59a8d83d75251a42163fefb69640c748&gy=jcourt&gc=HLD&sort=DS&&Page=1
561,https://law.judicial.gov.tw/FJUD/qryresultlst.aspx?q=59a8d83d75251a42163fefb69640c748&gy=jcourt&gc=HLD&sort=DS&&Page=2
562,https://law.judicial.gov.tw/FJUD/qryresultlst.aspx?q=59a8d83d75251a42163fefb69640c748&gy=jcourt&gc=HLD&sort=DS&&Page=3
563,https://law.judicial.gov.tw/FJUD/qryresultlst.aspx?q=59a8d83d75251a42163fefb69640c748&gy=jcourt&gc=HLD&sort=DS&&Page=4
564,https://law.judicial.gov.tw/FJUD/qryresultlst.aspx?q=59a8d83d75251a42163fefb69640c748&gy=jcourt&gc=HLD&sort=DS&&Page=5
565,https://law.judicial.gov.tw/FJUD/qryresultlst.aspx?q=59a8d83d75251a42163fefb69640c748&gy=jcourt&gc=HLD&sort=DS&&Page=6
566,https://law.judicial.gov.tw/FJUD/qryresultlst.aspx?q=59a8d83d75251a42163fefb69640c748&gy=jcourt&gc=TTD&sort=DS&&Page=1
567,https://law.judicial.gov.tw/FJUD/qryresultlst.aspx?q=59a8d83d75251a42163fefb69640c748&gy=jcourt&gc=TTD&sort=DS&&Page=2
568,https://law.judicial.gov.tw/FJUD/qryresultlst.aspx?q=59a8d83d75251a42163fefb69640c748&gy=jcourt&gc=TTD&sort=DS&&Page=3
569,https://law.judicial.gov.tw/FJUD/qryresultlst.aspx?q=59a8d83d75251a42163fefb69640c748&gy=jcourt&gc=TTD&sort=DS&&Page=4
570,https://law.judicial.gov.tw/FJUD/qryresultlst.aspx?q=59a8d83d75251a42163fefb69640c748&gy=jcourt&gc=PTD&sort=DS&&Page=1
571,https://law.judicial.gov.tw/FJUD/qryresultlst.aspx?q=59a8d83d75251a42163fefb69640c748&gy=jcourt&gc=PTD&sort=DS&&Page=2
572,https://law.judicial.gov.tw/FJUD/qryresultlst.aspx?q=59a8d83d75251a42163fefb69640c748&gy=jcourt&gc=PTD&sort=DS&&Page=3
573,https://law.judicial.gov.tw/FJUD/qryresultlst.aspx?q=59a8d83d75251a42163fefb69640c748&gy=jcourt&gc=PTD&sort=DS&&Page=4
574,https://law.judicial.gov.tw/FJUD/qryresultlst.aspx?q=59a8d83d75251a42163fefb69640c748&gy=jcourt&gc=PTD&sort=DS&&Page=5
575,https://law.judicial.gov.tw/FJUD/qryresultlst.aspx?q=59a8d83d75251a42163fefb69640c748&gy=jcourt&gc=PTD&sort=DS&&Page=6
576,https://law.judicial.gov.tw/FJUD/qryresultlst.aspx?q=59a8d83d75251a42163fefb69640c748&gy=jcourt&gc=PTD&sort=DS&&Page=7
577,https://law.judicial.gov.tw/FJUD/qryresultlst.aspx?q=59a8d83d75251a42163fefb69640c748&gy=jcourt&gc=PTD&sort=DS&&Page=8
578,https://law.judicial.gov.tw/FJUD/qryresultlst.aspx?q=59a8d83d75251a42163fefb69640c748&gy=jcourt&gc=PTD&sort=DS&&Page=9
579,https://law.judicial.gov.tw/FJUD/qryresultlst.aspx?q=59a8d83d75251a42163fefb69640c748&gy=jcourt&gc=PTD&sort=DS&&Page=10
